"Movie","Netflix","Hulu","Prime.Video","Disney.","imdb_title_id","date_published","genre","duration","description","weighted_average_vote","total_votes","mean_vote","allgenders_0age_avg_vote","allgenders_0age_votes","allgenders_18age_avg_vote","allgenders_18age_votes","allgenders_30age_avg_vote","allgenders_30age_votes","allgenders_45age_avg_vote","allgenders_45age_votes","Certificate","Genre","Meta_score","Poster_Link"
"3 Idiots",1,0,1,0,"tt1187043","2009-12-25","Comedy, Drama",170,"Two friends are searching for their long lost companion. They revisit their college days and recall the memories of their friend who inspired them to think differently, even as the rest of the world called them ""idiots"".",8.4,332217,8.5,8.3,371,8.7,105026,8.2,101928,7.2,10089,"UA","Comedy, Drama",67,"https://m.media-amazon.com/images/M/MV5BNTkyOGVjMGEtNmQzZi00NzFlLTlhOWQtODYyMDc2ZGJmYzFhXkEyXkFqcGdeQXVyNjU0OTQ0OTY@._V1_UY98_CR0,0,67,98_AL_.jpg"
"50/50",0,1,0,0,"tt1306980","2012-03-02","Comedy, Drama, Romance",100,"Inspired by a true story, a comedy centered on a 27-year-old guy who learns of his cancer diagnosis and his subsequent struggle to beat the disease.",7.6,311992,7.7,7.5,73,7.8,88382,7.6,147424,7.4,19899,"R","Comedy, Drama, Romance",72,"https://m.media-amazon.com/images/M/MV5BNjg3ODQyNTIyN15BMl5BanBnXkFtZTcwMjUzNzM5NQ@@._V1_UX67_CR0,0,67,98_AL_.jpg"
"A Star Is Born",0,0,1,0,"tt1517451","2018-10-11","Drama, Music, Romance",136,"A musician helps a young singer find fame as age and alcoholism send his own career into a downward spiral.",7.7,318520,7.8,7.6,519,7.8,75562,7.5,100384,7.5,28905,"UA","Drama, Music, Romance",88,"https://m.media-amazon.com/images/M/MV5BNmE5ZmE3OGItNTdlNC00YmMxLWEzNjctYzAwOGQ5ODg0OTI0XkEyXkFqcGdeQXVyMTMxODk2OTU@._V1_UX67_CR0,0,67,98_AL_.jpg"
"A Star Is Born",0,0,1,0,"tt0029606","1938-11-20","Drama, Romance",111,"A young woman comes to Hollywood with dreams of stardom, and achieves them only with the help of an alcoholic leading man whose best days are behind him.",7.3,8448,7.6,7.5,2,7.4,791,7.2,2554,7.3,3276,"UA","Drama, Music, Romance",88,"https://m.media-amazon.com/images/M/MV5BNmE5ZmE3OGItNTdlNC00YmMxLWEzNjctYzAwOGQ5ODg0OTI0XkEyXkFqcGdeQXVyMTMxODk2OTU@._V1_UX67_CR0,0,67,98_AL_.jpg"
"A Star Is Born",0,0,1,0,"tt0047522","1955-02-25","Drama, Musical, Romance",154,"A film star helps a young singer and actress find fame, even as age and alcoholism send his own career on a downward spiral.",7.6,15391,7.7,7.6,6,7.8,1551,7.4,4989,7.6,5388,"UA","Drama, Music, Romance",88,"https://m.media-amazon.com/images/M/MV5BNmE5ZmE3OGItNTdlNC00YmMxLWEzNjctYzAwOGQ5ODg0OTI0XkEyXkFqcGdeQXVyMTMxODk2OTU@._V1_UX67_CR0,0,67,98_AL_.jpg"
"A Star Is Born",0,0,1,0,"tt0075265","1977","Drama, Music, Romance",139,"A has-been rock star falls in love with a young, up-and-coming songstress.",6.2,9699,6.5,3.5,2,6,711,6,2221,6.3,4392,"UA","Drama, Music, Romance",88,"https://m.media-amazon.com/images/M/MV5BNmE5ZmE3OGItNTdlNC00YmMxLWEzNjctYzAwOGQ5ODg0OTI0XkEyXkFqcGdeQXVyMTMxODk2OTU@._V1_UX67_CR0,0,67,98_AL_.jpg"
"About Time",1,0,0,0,"tt2194499","2013-11-07","Comedy, Drama, Fantasy",123,"At the age of 21, Tim discovers he can travel in time and change what happens and has happened in his own life. His decision to make his world a better place by getting a girlfriend turns out not to be as easy as you might think.",7.8,289857,8,7.9,147,8,78295,7.7,109606,7.6,23778,"R","Comedy, Drama, Fantasy",55,"https://m.media-amazon.com/images/M/MV5BMTA1ODUzMDA3NzFeQTJeQWpwZ15BbWU3MDgxMTYxNTk@._V1_UX67_CR0,0,67,98_AL_.jpg"
"Airplane!",0,0,1,0,"tt0080339","1980-10-30","Comedy",88,"A man afraid to fly must ensure that a plane lands safely after the pilots become sick.",7.7,208636,7.8,8,109,7.7,35046,7.6,85756,7.9,34915,"U","Comedy",78,"https://m.media-amazon.com/images/M/MV5BZjA3YjdhMWEtYjc2Ni00YzVlLWI0MTUtMGZmNTJjNmU0Yzk2XkEyXkFqcGdeQXVyNzkwMjQ5NzM@._V1_UX67_CR0,0,67,98_AL_.jpg"
"Aladdin",0,0,0,1,"tt6139732","2019-05-22","Adventure, Family, Fantasy",128,"A kind-hearted street urchin and a power-hungry Grand Vizier vie for a magic lamp that has the power to make their deepest wishes come true.",7,215140,7.2,7,571,7.1,48027,6.9,72095,6.8,13184,"U","Animation, Adventure, Comedy",86,"https://m.media-amazon.com/images/M/MV5BY2Q2NDI1MjUtM2Q5ZS00MTFlLWJiYWEtNTZmNjQ3OGJkZDgxXkEyXkFqcGdeQXVyNTI4MjkwNjA@._V1_UX67_CR0,0,67,98_AL_.jpg"
"Aladdin",0,0,0,1,"tt0103639","1993-12-03","Animation, Adventure, Comedy",90,"A kindhearted street urchin and a power-hungry Grand Vizier vie for a magic lamp that has the power to make their deepest wishes come true.",8,363761,8.1,8,377,8,83880,8.1,151212,7.7,26833,"U","Animation, Adventure, Comedy",86,"https://m.media-amazon.com/images/M/MV5BY2Q2NDI1MjUtM2Q5ZS00MTFlLWJiYWEtNTZmNjQ3OGJkZDgxXkEyXkFqcGdeQXVyNTI4MjkwNjA@._V1_UX67_CR0,0,67,98_AL_.jpg"
"Apocalypto",0,0,1,0,"tt0472043","2007-01-05","Action, Adventure, Drama",139,"As the Mayan kingdom faces its decline, a young man is taken on a perilous journey to a world ruled by fear and oppression.",7.8,286225,7.9,7.3,47,7.8,48561,7.8,150571,7.8,32124,"A","Action, Adventure, Drama",68,"https://m.media-amazon.com/images/M/MV5BMzhmNGMzMDMtZDM0Yi00MmVmLWExYjAtZDhjZjcxZDM0MzJhXkEyXkFqcGdeQXVyNjU0OTQ0OTY@._V1_UX67_CR0,0,67,98_AL_.jpg"
"As Good as It Gets",1,0,0,0,"tt0119822","1998-01-30","Comedy, Drama, Romance",139,"A single mother and waitress, a misanthropic author, and a gay artist form an unlikely friendship after the artist is assaulted in a robbery.",7.7,270079,7.8,7.6,72,7.7,32922,7.7,127543,7.8,45668,"A","Comedy, Drama, Romance",67,"https://m.media-amazon.com/images/M/MV5BNWMxZTgzMWEtMTU0Zi00NDc5LWFkZjctMzUxNDIyNzZiMmNjXkEyXkFqcGdeQXVyMTQxNzMzNDI@._V1_UX67_CR0,0,67,98_AL_.jpg"
"Avatar",0,0,0,1,"tt0499549","2010-01-15","Action, Adventure, Fantasy",162,"A paraplegic Marine dispatched to the moon Pandora on a unique mission becomes torn between following his orders and protecting the world he feels is his home.",7.8,1101160,7.8,7.5,729,7.7,254045,7.8,483163,7.9,98090,"UA","Action, Adventure, Fantasy",83,"https://m.media-amazon.com/images/M/MV5BMTYwOTEwNjAzMl5BMl5BanBnXkFtZTcwODc5MTUwMw@@._V1_UX67_CR0,0,67,98_AL_.jpg"
"Avengers: Endgame",0,0,0,1,"tt4154796","2019-04-24","Action, Adventure, Drama",181,"After the devastating events of",8.4,754786,8.4,8.7,2761,8.6,179228,8.3,200881,8.1,46743,"UA","Action, Adventure, Drama",78,"https://m.media-amazon.com/images/M/MV5BMTc5MDE2ODcwNV5BMl5BanBnXkFtZTgwMzI2NzQ2NzM@._V1_UX67_CR0,0,67,98_AL_.jpg"
"Avengers: Infinity War",1,0,0,0,"tt4154756","2018-04-25","Action, Adventure, Sci-Fi",149,"The Avengers and their allies must be willing to sacrifice all in an attempt to defeat the powerful Thanos before his blitz of devastation and ruin puts an end to the universe.",8.4,796486,8.5,8.8,2669,8.6,197898,8.3,212979,8.1,46057,"UA","Action, Adventure, Sci-Fi",68,"https://m.media-amazon.com/images/M/MV5BMjMxNjY2MDU1OV5BMl5BanBnXkFtZTgwNzY1MTUwNTM@._V1_UX67_CR0,0,67,98_AL_.jpg"
"Back to the Future",1,0,0,0,"tt0088763","1985-10-18","Adventure, Comedy, Sci-Fi",116,"Marty McFly, a 17-year-old high school student, is accidentally sent thirty years into the past in a time-traveling DeLorean invented by his close friend, the eccentric scientist Doc Brown.",8.5,1027330,8.4,8.7,998,8.5,192005,8.6,403794,8.4,112140,"U","Adventure, Comedy, Sci-Fi",87,"https://m.media-amazon.com/images/M/MV5BZmU0M2Y1OGUtZjIxNi00ZjBkLTg1MjgtOWIyNThiZWIwYjRiXkEyXkFqcGdeQXVyMTQxNzMzNDI@._V1_UX67_CR0,0,67,98_AL_.jpg"
"Back to the Future Part II",1,0,0,0,"tt0096874","1989-12-22","Adventure, Comedy, Sci-Fi",108,"After visiting 2015, Marty McFly must repeat his visit to 1955 to prevent disastrous changes to 1985...without interfering with his first trip.",7.8,467662,7.9,7.9,488,7.9,85725,7.9,199311,7.5,47089,"U","Adventure, Comedy, Sci-Fi",57,"https://m.media-amazon.com/images/M/MV5BZTMxMGM5MjItNDJhNy00MWI2LWJlZWMtOWFhMjI5ZTQwMWM3XkEyXkFqcGdeQXVyMTQxNzMzNDI@._V1_UX67_CR0,0,67,98_AL_.jpg"
"Batman Begins",0,1,0,0,"tt0372784","2005-06-17","Action, Adventure",140,"After training with his mentor, Batman begins his fight to free crime-ridden Gotham City from corruption.",8.2,1278075,8.2,8.2,976,8.3,287267,8.2,519596,8,94727,"UA","Action, Adventure",70,"https://m.media-amazon.com/images/M/MV5BOTY4YjI2N2MtYmFlMC00ZjcyLTg3YjEtMDQyM2ZjYzQ5YWFkXkEyXkFqcGdeQXVyMTQxNzMzNDI@._V1_UX67_CR0,0,67,98_AL_.jpg"
"Beasts of No Nation",1,0,0,0,"tt1365050","2015-10-16","Drama, War",137,"A drama based on the experiences of Agu, a child soldier fighting in the civil war of an unnamed African country.",7.7,71634,7.8,7.8,35,7.8,18335,7.7,28497,7.6,5472,"","Drama, War",79,"https://m.media-amazon.com/images/M/MV5BMTYwMzMzMDI0NF5BMl5BanBnXkFtZTgwNDQ3NjI3NjE@._V1_UX67_CR0,0,67,98_AL_.jpg"
"Big Hero 6",0,0,0,1,"tt2245084","2014-12-18","Animation, Action, Adventure",102,"The special bond develops between plus-sized inflatable robot Baymax, and prodigy Hiro Hamada. They team up with a group of friends to form a band of high-tech heroes.",7.8,400882,8,7.7,566,7.9,109967,7.7,136068,7.6,24852,"U","Animation, Action, Adventure",74,"https://m.media-amazon.com/images/M/MV5BMDliOTIzNmUtOTllOC00NDU3LWFiNjYtMGM0NDc1YTMxNjYxXkEyXkFqcGdeQXVyNTM3NzExMDQ@._V1_UY98_CR1,0,67,98_AL_.jpg"
"Blazing Saddles",0,1,0,0,"tt0071230","1975-02-27","Comedy, Western",93,"In order to ruin a western town, a corrupt politician appoints a black Sheriff, who promptly becomes his most formidable adversary.",7.7,123476,7.8,7.8,41,7.7,14126,7.6,48458,7.9,29411,"A","Comedy, Western",73,"https://m.media-amazon.com/images/M/MV5BZGZmMWE1MDYtNzAyNC00MDMzLTgzZjQtNTQ5NjYzN2E4MzkzXkEyXkFqcGdeQXVyNDk3NzU2MTQ@._V1_UX67_CR0,0,67,98_AL_.jpg"
"Blow",1,0,0,0,"tt0221027","2001-09-21","Biography, Crime, Drama",124,"The story of how",7.6,236562,7.7,7.3,36,7.7,38374,7.6,123817,7.2,22700,"R","Biography, Crime, Drama",52,"https://m.media-amazon.com/images/M/MV5BYjg5ZDkzZWEtZDQ2ZC00Y2ViLThhMzYtMmIxZDYzYTY2Y2Y2XkEyXkFqcGdeQXVyODAwMTU1MTE@._V1_UY98_CR1,0,67,98_AL_.jpg"
"Brief Encounter",0,0,1,0,"tt0037558","1947-03-28","Drama, Romance",86,"Meeting a stranger in a railway station, a woman is tempted to cheat on her husband.",8,34524,8,7.6,8,8.2,4440,7.9,14366,8,8556,"U","Drama, Romance",92,"https://m.media-amazon.com/images/M/MV5BYWQ0MGNjOTYtMWJlNi00YWMxLWFmMzktYjAyNTVkY2U1NWNhL2ltYWdlL2ltYWdlXkEyXkFqcGdeQXVyNjc1NTYyMjg@._V1_UX67_CR0,0,67,98_AL_.jpg"
"Captain America: Civil War",0,0,0,1,"tt3498820","2016-05-04","Action, Adventure, Sci-Fi",147,"Political involvement in the Avengers' affairs causes a rift between Captain America and Iron Man.",7.8,644241,7.9,8,1138,7.9,154509,7.7,191175,7.6,40257,"UA","Action, Adventure, Sci-Fi",75,"https://m.media-amazon.com/images/M/MV5BMjQ0MTgyNjAxMV5BMl5BanBnXkFtZTgwNjUzMDkyODE@._V1_UX67_CR0,0,67,98_AL_.jpg"
"Captain America: The Winter Soldier",0,0,0,1,"tt1843866","2014-03-26","Action, Adventure, Sci-Fi",136,"As Steve Rogers struggles to embrace his role in the modern world, he teams up with a fellow Avenger and S.H.I.E.L.D agent, Black Widow, to battle a new threat from history: an assassin known as the Winter Soldier.",7.7,719085,7.9,8,948,7.9,182152,7.6,238654,7.7,50843,"UA","Action, Adventure, Sci-Fi",70,"https://m.media-amazon.com/images/M/MV5BMzA2NDkwODAwM15BMl5BanBnXkFtZTgwODk5MTgzMTE@._V1_UY98_CR0,0,67,98_AL_.jpg"
"Captain Fantastic",0,1,0,0,"tt3553976","2016-12-07","Comedy, Drama",118,"In the forests of the Pacific Northwest, a father devoted to raising his six kids with a rigorous physical and intellectual education is forced to leave his paradise and enter the world, challenging his idea of what it means to be a parent.",7.9,182051,8,7.6,112,8,42456,7.8,69120,7.6,16561,"R","Comedy, Drama",72,"https://m.media-amazon.com/images/M/MV5BMjE5OTM0OTY5NF5BMl5BanBnXkFtZTgwMDcxOTQ3ODE@._V1_UX67_CR0,0,67,98_AL_.jpg"
"Chak De! India",0,0,1,0,"tt0871510","2007-08-10","Drama, Family, Sport",153,"Kabir Khan is the coach of the Indian Women's National Hockey Team and his dream is to make his all girls team emerge victorious against all odds.",8.2,72356,8.4,7.8,50,8.4,22142,8,25077,6.4,2510,"U","Drama, Family, Sport",68,"https://m.media-amazon.com/images/M/MV5BMTUzODMyNzk4NV5BMl5BanBnXkFtZTgwNTk1NTYyNTM@._V1_UY98_CR3,0,67,98_AL_.jpg"
"Charade",0,0,1,0,"tt0056923","1963-12-19","Comedy, Mystery, Romance",113,"Romance and suspense ensue in Paris as a woman is pursued by several men who want a fortune her murdered husband had stolen. Whom can she trust?",7.9,66360,8,7.9,25,8,8436,7.9,26138,7.9,15761,"U","Comedy, Mystery, Romance",83,"https://m.media-amazon.com/images/M/MV5BMTA0Y2UyMDUtZGZiOS00ZmVkLTg3NmItODQyNTY1ZjU1MWE4L2ltYWdlL2ltYWdlXkEyXkFqcGdeQXVyNjc1NTYyMjg@._V1_UX67_CR0,0,67,98_AL_.jpg"
"Coco",0,0,0,1,"tt1262877","2009-03-18","Comedy, Drama",95,"A well-liked self-made man becomes a royal pain when he learns he has a heart defect.",3.3,1404,3.6,6,1,3.4,254,3.2,606,3.3,239,"U","Animation, Adventure, Family",81,"https://m.media-amazon.com/images/M/MV5BYjQ5NjM0Y2YtNjZkNC00ZDhkLWJjMWItN2QyNzFkMDE3ZjAxXkEyXkFqcGdeQXVyODIxMzk5NjA@._V1_UY98_CR1,0,67,98_AL_.jpg"
"Coco",0,0,0,1,"tt2380307","2017-12-28","Animation, Adventure, Family",105,"Aspiring musician Miguel, confronted with his family's ancestral ban on music, enters the Land of the Dead to find his great-great-grandfather, a legendary singer.",8.4,352455,8.4,8.4,894,8.5,88719,8.3,105005,8.1,20187,"U","Animation, Adventure, Family",81,"https://m.media-amazon.com/images/M/MV5BYjQ5NjM0Y2YtNjZkNC00ZDhkLWJjMWItN2QyNzFkMDE3ZjAxXkEyXkFqcGdeQXVyODIxMzk5NjA@._V1_UY98_CR1,0,67,98_AL_.jpg"
"Dallas Buyers Club",1,0,0,0,"tt0790636","2014-01-30","Biography, Drama",117,"In 1985 Dallas, electrician and hustler Ron Woodroof works around the system to help AIDS patients get the medication they need after he is diagnosed with the disease.",8,430111,8,8,139,8.1,112458,7.9,170093,7.9,34984,"R","Biography, Drama",80,"https://m.media-amazon.com/images/M/MV5BMTYwMTA4MzgyNF5BMl5BanBnXkFtZTgwMjEyMjE0MDE@._V1_UX67_CR0,0,67,98_AL_.jpg"
"Dark Waters",0,0,1,0,"tt9071322","2020-02-20","Biography, Drama, History",126,"A corporate defense attorney takes on an environmental lawsuit against a chemical company that exposes a lengthy history of pollution.",7.6,45064,7.7,7.2,42,7.7,7981,7.5,16799,7.5,5874,"PG-13","Biography, Drama, History",73,"https://m.media-amazon.com/images/M/MV5BODQ0M2Y5M2QtZGIwMC00MzJjLThlMzYtNmE3ZTMzZTYzOGEwXkEyXkFqcGdeQXVyMTkxNjUyNQ@@._V1_UX67_CR0,0,67,98_AL_.jpg"
"Dark Waters",0,0,1,0,"tt0036745","1944-11-21","Drama, Film-Noir, Mystery",90,"A woman returns to the USA after a German u-boat sank her ship, and finds out that someone wants to kill her for her inheritance.",6.5,857,6.5,6,2,6.7,28,6.3,235,6.6,426,"PG-13","Biography, Drama, History",73,"https://m.media-amazon.com/images/M/MV5BODQ0M2Y5M2QtZGIwMC00MzJjLThlMzYtNmE3ZTMzZTYzOGEwXkEyXkFqcGdeQXVyMTkxNjUyNQ@@._V1_UX67_CR0,0,67,98_AL_.jpg"
"Dark Waters",0,0,1,0,"tt0109550","1993","Drama, Horror, Mystery",94,"A girl travels to an island, after the death of her father, to find out why the father funded a monestary on the island.",6.1,1910,6.1,7,1,6.4,130,6.2,851,5.8,457,"PG-13","Biography, Drama, History",73,"https://m.media-amazon.com/images/M/MV5BODQ0M2Y5M2QtZGIwMC00MzJjLThlMzYtNmE3ZTMzZTYzOGEwXkEyXkFqcGdeQXVyMTkxNjUyNQ@@._V1_UX67_CR0,0,67,98_AL_.jpg"
"Despicable Me",1,0,0,0,"tt1323594","2010-10-15","Animation, Comedy, Family",95,"When a criminal mastermind uses a trio of orphan girls as pawns for a grand scheme, he finds their love is profoundly changing him for the better.",7.6,491257,7.8,7.3,533,7.7,134593,7.6,191391,7.6,34703,"U","Animation, Comedy, Crime",72,"https://m.media-amazon.com/images/M/MV5BMTY3NjY0MTQ0Nl5BMl5BanBnXkFtZTcwMzQ2MTc0Mw@@._V1_UX67_CR0,0,67,98_AL_.jpg"
"District 9",1,0,0,0,"tt1136608","2009-09-25","Action, Sci-Fi, Thriller",112,"Violence ensues after an extraterrestrial race forced to live in slum-like conditions on Earth finds a kindred spirit in a government agent exposed to their biotechnology.",7.9,630278,7.9,7.6,166,7.9,123861,7.9,313419,7.7,63143,"A","Action, Sci-Fi, Thriller",81,"https://m.media-amazon.com/images/M/MV5BYmQ5MzFjYWMtMTMwNC00ZGU5LWI3YTQtYzhkMGExNGFlY2Q0XkEyXkFqcGdeQXVyNTIzOTk5ODM@._V1_UX67_CR0,0,67,98_AL_.jpg"
"Django Unchained",1,0,0,0,"tt1853728","2013-01-17","Drama, Western",165,"With the help of a German bounty hunter, a freed slave sets out to rescue his wife from a brutal Mississippi plantation owner.",8.4,1317856,8.4,8.7,908,8.6,325635,8.4,470648,8,94855,"A","Drama, Western",81,"https://m.media-amazon.com/images/M/MV5BMjIyNTQ5NjQ1OV5BMl5BanBnXkFtZTcwODg1MDU4OA@@._V1_UX67_CR0,0,67,98_AL_.jpg"
"Drive",1,0,1,0,"tt6593054","2019-11-01","Action, Crime, Thriller",147,"A notorious thief allies with a street racer for a grand heist involving an elaborate game of deceit with authorities, who have their own dirty secrets.",3,4921,4.2,3.4,15,2.9,1174,3.1,1009,3.8,102,"A","Crime, Drama",78,"https://m.media-amazon.com/images/M/MV5BZjY5ZjQyMjMtMmEwOC00Nzc2LTllYTItMmU2MzJjNTg1NjY0XkEyXkFqcGdeQXVyNjQ1MTMzMDQ@._V1_UX67_CR0,0,67,98_AL_.jpg"
"Drive",1,0,1,0,"tt0116147","1997-08-06","Action, Adventure, Sci-Fi",100,"A prototype enhanced human, on the run from Chinese-hired hit men, hooks up with a dread-locked bystander, and the two of them elude their pursuers narrowly each time.",6.8,5340,7.1,5,2,7,276,6.9,2875,6.3,921,"A","Crime, Drama",78,"https://m.media-amazon.com/images/M/MV5BZjY5ZjQyMjMtMmEwOC00Nzc2LTllYTItMmU2MzJjNTg1NjY0XkEyXkFqcGdeQXVyNjQ1MTMzMDQ@._V1_UX67_CR0,0,67,98_AL_.jpg"
"Drive",1,0,1,0,"tt0780504","2011-09-30","Crime, Drama",100,"A mysterious Hollywood stuntman and mechanic moonlights as a getaway driver and finds himself in trouble when he helps out his neighbor in this action drama.",7.8,558693,7.8,8.1,225,7.9,129355,7.8,259101,7.5,45992,"A","Crime, Drama",78,"https://m.media-amazon.com/images/M/MV5BZjY5ZjQyMjMtMmEwOC00Nzc2LTllYTItMmU2MzJjNTg1NjY0XkEyXkFqcGdeQXVyNjQ1MTMzMDQ@._V1_UX67_CR0,0,67,98_AL_.jpg"
"Dunkirk",0,0,1,0,"tt0051565","1958-11-27","Action, Drama, History",135,"A dramatization of the British Expeditionary Force's 1940 retreat to the beaches of France and the extraordinary seaborne evacuation that saved it from utter destruction by Nazi Germany.",7,2671,7.2,6.5,7,6.7,134,6.8,564,7.1,1358,"UA","Action, Drama, History",94,"https://m.media-amazon.com/images/M/MV5BN2YyZjQ0NTEtNzU5MS00NGZkLTg0MTEtYzJmMWY3MWRhZjM2XkEyXkFqcGdeQXVyMDA4NzMyOA@@._V1_UX67_CR0,0,67,98_AL_.jpg"
"Dunkirk",0,0,1,0,"tt5013056","2017-08-31","Action, Drama, History",106,"Allied soldiers from Belgium, the British Empire, and France are surrounded by the German Army and evacuated during a fierce battle in World War II.",7.9,531422,7.8,8,758,8.1,131266,7.7,166712,7.6,40631,"UA","Action, Drama, History",94,"https://m.media-amazon.com/images/M/MV5BN2YyZjQ0NTEtNzU5MS00NGZkLTg0MTEtYzJmMWY3MWRhZjM2XkEyXkFqcGdeQXVyMDA4NzMyOA@@._V1_UX67_CR0,0,67,98_AL_.jpg"
"End of Watch",1,0,0,0,"tt1855199","2012-11-22","Action, Crime, Drama",109,"Shot documentary-style, this film follows the daily grind of two young police officers in LA who are partners and friends, and what happens when they meet criminal forces greater than themselves.",7.6,224496,7.7,7.4,53,7.8,47591,7.6,104399,7.4,21531,"A","Action, Crime, Drama",68,"https://m.media-amazon.com/images/M/MV5BMjMxNjU0ODU5Ml5BMl5BanBnXkFtZTcwNjI4MzAyOA@@._V1_UX67_CR0,0,67,98_AL_.jpg"
"Escape from Alcatraz",0,1,1,0,"tt0079116","1979-10-19","Action, Biography, Crime",112,"Alcatraz is the most secure prison of its time. It is believed that no one can ever escape from it, until three daring men make a possible successful attempt at escaping from one of the most infamous prisons in the world.",7.6,116958,7.7,7.7,56,7.6,18745,7.6,52234,7.6,19403,"A","Action, Biography, Crime",76,"https://m.media-amazon.com/images/M/MV5BNDQ3MzNjMDItZjE0ZS00ZTYxLTgxNTAtM2I4YjZjNWFjYjJlL2ltYWdlXkEyXkFqcGdeQXVyNTAyODkwOQ@@._V1_UX67_CR0,0,67,98_AL_.jpg"
"Ex Machina",1,0,0,0,"tt0470752","2015-07-30","Drama, Sci-Fi, Thriller",108,"A young programmer is selected to participate in a ground-breaking experiment in synthetic intelligence by evaluating the human qualities of a highly advanced humanoid A.I.",7.7,462655,7.7,7.7,219,7.9,107900,7.7,178258,7.5,41857,"UA","Drama, Sci-Fi, Thriller",78,"https://m.media-amazon.com/images/M/MV5BMTUxNzc0OTIxMV5BMl5BanBnXkFtZTgwNDI3NzU2NDE@._V1_UX67_CR0,0,67,98_AL_.jpg"
"Fantasia",0,0,0,1,"tt0032455","1946-09-19","Animation, Family, Fantasy",125,"A collection of animated interpretations of great works of Western classical music.",7.8,86795,7.8,7.6,47,7.8,14325,7.7,37152,7.8,14131,"G","Animation, Family, Fantasy",96,"https://m.media-amazon.com/images/M/MV5BMjAxMTI1Njk3OF5BMl5BanBnXkFtZTgwNjkzODk4NTE@._V1_UX67_CR0,0,67,98_AL_.jpg"
"Ferris Bueller's Day Off",1,0,0,0,"tt0091042","1986-12-04","Comedy",103,"A high school wise guy is determined to have a day off from school, despite what the Principal thinks of that.",7.8,313852,7.9,8,228,7.8,59678,7.7,126028,7.9,44301,"U","Comedy",61,"https://m.media-amazon.com/images/M/MV5BMDA0NjZhZWUtNmI2NC00MmFjLTgwZDYtYzVjZmNhMDVmOTBkXkEyXkFqcGdeQXVyMTQxNzMzNDI@._V1_UX67_CR0,0,67,98_AL_.jpg"
"Fiddler on the Roof",0,0,1,0,"tt0067093","1971-12-11","Drama, Family, Musical",181,"In prerevolutionary Russia, a Jewish peasant contends with marrying off three of his daughters while growing anti-Semitic sentiment threatens his village.",8,38350,8.1,10,8,8.1,4546,7.9,13783,8,10610,"G","Drama, Family, Musical",67,"https://m.media-amazon.com/images/M/MV5BMWMxNDYzNmUtYjFmNC00MGM2LWFmNzMtODhlMGNkNDg5MjE5XkEyXkFqcGdeQXVyNjE5MjUyOTM@._V1_UX67_CR0,0,67,98_AL_.jpg"
"Finding Nemo",0,0,0,1,"tt0266543","2003-12-03","Animation, Adventure, Comedy",100,"After his son is captured in the Great Barrier Reef and taken to Sydney, a timid clownfish sets out on a journey to bring him home.",8.1,927957,8.1,8.2,885,8.2,231865,8.1,345705,8.1,72182,"U","Animation, Adventure, Comedy",90,"https://m.media-amazon.com/images/M/MV5BZTAzNWZlNmUtZDEzYi00ZjA5LWIwYjEtZGM1NWE1MjE4YWRhXkEyXkFqcGdeQXVyNjU0OTQ0OTY@._V1_UX67_CR0,0,67,98_AL_.jpg"
"Freaks",1,0,0,0,"tt0022913","1932-02-20","Drama, Horror",64,"A circus' beautiful trapeze artist agrees to marry the leader of side-show performers, but his deformed friends discover she is only marrying him for his inheritance.",7.9,41173,7.9,7.1,17,7.9,5720,7.9,17937,8,8551,"","Drama, Horror",80,"https://m.media-amazon.com/images/M/MV5BMjMyYjgyOTQtZDVlZS00NTQ0LWJiNDItNGRlZmM3Yzc0N2Y0XkEyXkFqcGdeQXVyNTA4NzY1MzY@._V1_UX67_CR0,0,67,98_AL_.jpg"
"Freaks",1,0,0,0,"tt8781414","2019-09-13","Drama, Mystery, Sci-Fi",105,"A bold girl discovers a bizarre, threatening, and mysterious new world beyond her front door after she escapes her father's protective and paranoid control.",6.7,23654,6.8,6.4,14,6.8,2779,6.7,9730,6.6,3997,"","Drama, Horror",80,"https://m.media-amazon.com/images/M/MV5BMjMyYjgyOTQtZDVlZS00NTQ0LWJiNDItNGRlZmM3Yzc0N2Y0XkEyXkFqcGdeQXVyNTA4NzY1MzY@._V1_UX67_CR0,0,67,98_AL_.jpg"
"Giant",1,0,1,0,"tt0049261","1957-03-18","Drama, Western",201,"Sprawling epic covering the life of a Texas cattle rancher and his family and associates.",7.6,33284,7.7,7.2,6,7.8,3153,7.6,12022,7.6,10149,"G","Drama, Western",84,"https://m.media-amazon.com/images/M/MV5BODk3YjdjZTItOGVhYi00Mjc2LTgzMDAtMThmYTVkNTBlMWVkXkEyXkFqcGdeQXVyNDY2MTk1ODk@._V1_UX67_CR0,0,67,98_AL_.jpg"
"Good Will Hunting",0,1,0,0,"tt0119217","1998-03-06","Drama, Romance",126,"Will Hunting, a janitor at M.I.T., has a gift for mathematics, but needs help from a psychologist to find direction in his life.",8.3,837379,8.3,8.4,471,8.4,176953,8.2,331126,8.1,82581,"U","Drama, Romance",70,"https://m.media-amazon.com/images/M/MV5BOTI0MzcxMTYtZDVkMy00NjY1LTgyMTYtZmUxN2M3NmQ2NWJhXkEyXkFqcGdeQXVyMTQxNzMzNDI@._V1_UX67_CR0,0,67,98_AL_.jpg"
"Groundhog Day",1,0,0,0,"tt0107048","1993-04-08","Comedy, Fantasy, Romance",101,"A weatherman finds himself inexplicably living the same day over and over again.",8,569359,8,8,255,7.9,95107,8.1,246638,8.1,78061,"U","Comedy, Fantasy, Romance",72,"https://m.media-amazon.com/images/M/MV5BZWIxNzM5YzQtY2FmMS00Yjc3LWI1ZjUtNGVjMjMzZTIxZTIxXkEyXkFqcGdeQXVyNjU0OTQ0OTY@._V1_UX67_CR0,0,67,98_AL_.jpg"
"Guardians of the Galaxy",0,0,0,1,"tt2015381","2014-10-22","Action, Adventure, Comedy",121,"A group of intergalactic criminals must pull together to stop a fanatical warrior with plans to purge the universe.",8,1023350,8.1,8.2,1311,8.1,252664,8,333132,8,74442,"UA","Action, Adventure, Comedy",76,"https://m.media-amazon.com/images/M/MV5BMTAwMjU5OTgxNjZeQTJeQWpwZ15BbWU4MDUxNDYxODEx._V1_UX67_CR0,0,67,98_AL_.jpg"
"Guardians of the Galaxy Vol. 2",0,0,0,1,"tt3896198","2017-04-25","Action, Adventure, Comedy",136,"The Guardians struggle to keep together as a team while dealing with their personal family issues, notably Star-Lord's encounter with his father the ambitious celestial being Ego.",7.6,550182,7.7,7.8,1132,7.7,125939,7.5,172960,7.6,39866,"UA","Action, Adventure, Comedy",67,"https://m.media-amazon.com/images/M/MV5BNjM0NTc0NzItM2FlYS00YzEwLWE0YmUtNTA2ZWIzODc2OTgxXkEyXkFqcGdeQXVyNTgwNzIyNzg@._V1_UX67_CR0,0,67,98_AL_.jpg"
"Harold and Maude",0,0,1,0,"tt0067185","1974-04-23","Comedy, Drama, Romance",91,"Young, rich, and obsessed with death, Harold finds himself changed forever when he meets lively septuagenarian Maude at a funeral.",7.9,69468,8,8.3,21,8,9477,7.8,28781,8,15449,"PG","Comedy, Drama, Romance",62,"https://m.media-amazon.com/images/M/MV5BY2M5Mzg3NjctZTlkNy00MTU0LWFlYTQtY2E2Y2M4NjNiNzllXkEyXkFqcGdeQXVyMTAwMzUyOTc@._V1_UX67_CR0,0,67,98_AL_.jpg"
"Hell or High Water",1,0,0,0,"tt2582782","2016-11-18","Action, Crime, Drama",102,"A divorced father and his ex-con older brother resort to a desperate scheme in order to save their family's ranch in West Texas.",7.6,198293,7.7,7.5,98,7.7,41500,7.5,75733,7.6,22275,"R","Action, Crime, Drama",88,"https://m.media-amazon.com/images/M/MV5BMTg4NDA1OTA5NF5BMl5BanBnXkFtZTgwMDQ2MDM5ODE@._V1_UX67_CR0,0,67,98_AL_.jpg"
"Her",1,0,0,0,"tt1798709","2014-03-13","Drama, Romance, Sci-Fi",126,"In a near future, a lonely writer develops an unlikely relationship with an operating system designed to meet his every need.",8,523975,7.9,8.3,355,8.2,142612,7.9,195163,7.4,36474,"A","Drama, Romance, Sci-Fi",90,"https://m.media-amazon.com/images/M/MV5BMjA1Nzk0OTM2OF5BMl5BanBnXkFtZTgwNjU2NjEwMDE@._V1_UX67_CR0,0,67,98_AL_.jpg"
"Hunt for the Wilderpeople",0,1,0,0,"tt4698684","2016-03-31","Adventure, Comedy, Drama",101,"A national manhunt is ordered for a rebellious kid and his foster uncle who go missing in the wild New Zealand bush.",7.9,104624,8,8.2,103,7.9,23808,7.8,40492,7.7,9751,"UA","Adventure, Comedy, Drama",81,"https://m.media-amazon.com/images/M/MV5BMjI1MDQ2MDg5Ml5BMl5BanBnXkFtZTgwMjc2NjM5ODE@._V1_UX67_CR0,0,67,98_AL_.jpg"
"In the Heat of the Night",0,0,1,0,"tt0061811","1968-01-12","Crime, Drama, Mystery",110,"A black police detective is asked to investigate a murder in a racially hostile southern town.",7.9,65862,7.9,8.3,15,7.9,7094,7.9,26142,8.1,17722,"U","Crime, Drama, Mystery",75,"https://m.media-amazon.com/images/M/MV5BZjZhZTZkNWItZGE1My00MTRkLWI2ZDktMWZkZTIxZWYxOTgzXkEyXkFqcGdeQXVyNDY2MTk1ODk@._V1_UX67_CR0,0,67,98_AL_.jpg"
"Inception",1,0,0,0,"tt1375666","2010-09-24","Action, Adventure, Sci-Fi",148,"A thief who steals corporate secrets through the use of dream-sharing technology is given the inverse task of planting an idea into the mind of a C.E.O.",8.8,2002816,8.7,9,1688,9,502976,8.7,745750,8.1,132389,"UA","Action, Adventure, Sci-Fi",74,"https://m.media-amazon.com/images/M/MV5BMjAxMzY3NjcxNF5BMl5BanBnXkFtZTcwNTI5OTM0Mw@@._V1_UX67_CR0,0,67,98_AL_.jpg"
"Incredibles 2",1,0,0,0,"tt3606756","2018-09-19","Animation, Action, Adventure",118,"The Incredibles hero family takes on a new mission, which involves a change in family roles: Bob Parr (Mr Incredible) must manage the house while his wife Helen (Elastigirl) goes out to save the world.",7.6,239495,7.7,7.6,657,7.8,65157,7.5,65172,7.5,16709,"UA","Animation, Action, Adventure",80,"https://m.media-amazon.com/images/M/MV5BMTEzNzY0OTg0NTdeQTJeQWpwZ15BbWU4MDU3OTg3MjUz._V1_UX67_CR0,0,67,98_AL_.jpg"
"Indiana Jones and the Last Crusade",1,0,0,0,"tt0097576","1989-10-06","Action, Adventure",127,"In 1938, after his father Professor Henry Jones, Sr. goes missing while pursuing the Holy Grail, Professor Henry ""Indiana"" Jones, Jr. finds himself up against",8.2,676976,8.2,8.3,440,8.2,108453,8.3,282422,8.1,89147,"U","Action, Adventure",65,"https://m.media-amazon.com/images/M/MV5BMjNkMzc2N2QtNjVlNS00ZTk5LTg0MTgtODY2MDAwNTMwZjBjXkEyXkFqcGdeQXVyNDk3NzU2MTQ@._V1_UX67_CR0,0,67,98_AL_.jpg"
"Inglourious Basterds",1,0,0,0,"tt0361748","2009-10-02","Adventure, Drama, War",153,"In Nazi-occupied France during World War II, a plan to assassinate Nazi leaders by a group of Jewish U.S. soldiers coincides with a theatre owner's vengeful plans for the same.",8.3,1229958,8.2,8.6,877,8.5,285370,8.3,488901,7.8,96015,"A","Adventure, Drama, War",69,"https://m.media-amazon.com/images/M/MV5BOTJiNDEzOWYtMTVjOC00ZjlmLWE0NGMtZmE1OWVmZDQ2OWJhXkEyXkFqcGdeQXVyNTIzOTk5ODM@._V1_UX67_CR0,0,67,98_AL_.jpg"
"Inherit the Wind",0,0,1,0,"tt0053946","1960-12-01","Biography, Drama, History",128,"Based on a real-life case in 1925, two great lawyers argue the case for and against a science teacher accused of the crime of teaching evolution.",8.1,26652,8.1,8.8,5,8.2,2661,8,10217,8.2,7903,"Passed","Biography, Drama, History",75,"https://m.media-amazon.com/images/M/MV5BMGQ5ODNkNWYtYTgxZS00YjJkLThhODAtYzUwNGNiYjRmNjdkXkEyXkFqcGdeQXVyMTg2NTc4MzA@._V1_UY98_CR4,0,67,98_AL_.jpg"
"Inside Out",0,1,1,1,"tt2096673","2015-09-16","Animation, Adventure, Comedy",95,"After young Riley is uprooted from her Midwest life and moved to San Francisco, her emotions - Joy, Fear, Anger, Disgust and Sadness - conflict on how best to navigate a new city, house, and school.",8.1,592575,8.1,8,924,8.3,157974,8.1,188068,7.9,34169,"U","Animation, Adventure, Comedy",94,"https://m.media-amazon.com/images/M/MV5BOTgxMDQwMDk0OF5BMl5BanBnXkFtZTgwNjU5OTg2NDE@._V1_UX67_CR0,0,67,98_AL_.jpg"
"Inside Out",0,1,1,1,"tt0386534","2005-06-13","Drama, Mystery, Thriller",90,"Families in an idyllic suburban neighborhood are taunted by a mysterious doctor who moves in to town and spins a web of psychological chaos that changes their lives forever.",5.4,404,5.9,6,1,5.9,14,5.4,155,5.3,169,"U","Animation, Adventure, Comedy",94,"https://m.media-amazon.com/images/M/MV5BOTgxMDQwMDk0OF5BMl5BanBnXkFtZTgwNjU5OTg2NDE@._V1_UX67_CR0,0,67,98_AL_.jpg"
"Inside Out",0,1,1,1,"tt1640486","2011-09-09","Crime, Drama",93,"A man is released from prison after serving a long time for killing a man who tried to kill his best friend. Once out, he just wants to live a normal life, but his best friend immediately gets him into a new heap of serious troubles.",4.5,1653,5,5,2,4.5,308,4.4,765,4.6,348,"U","Animation, Adventure, Comedy",94,"https://m.media-amazon.com/images/M/MV5BOTgxMDQwMDk0OF5BMl5BanBnXkFtZTgwNjU5OTg2NDE@._V1_UX67_CR0,0,67,98_AL_.jpg"
"Inside Out",0,1,1,1,"tt0091268","1986-11-01","Drama, Romance",87,"An agoraphobic must give up his sheltered life and venture outside after a series of personal and financial problems.",6.2,223,6.9,6,2,6.2,7,6.6,68,6,116,"U","Animation, Adventure, Comedy",94,"https://m.media-amazon.com/images/M/MV5BOTgxMDQwMDk0OF5BMl5BanBnXkFtZTgwNjU5OTg2NDE@._V1_UX67_CR0,0,67,98_AL_.jpg"
"Isle of Dogs",0,0,1,0,"tt5104604","2018-05-01","Animation, Adventure, Comedy",101,"Set in Japan, Isle of Dogs follows a boy's odyssey in search of his lost dog.",7.9,132797,8,8.2,229,8,32578,7.7,42696,7.6,10035,"U","Animation, Adventure, Comedy",82,"https://m.media-amazon.com/images/M/MV5BZDQwOWQ2NmUtZThjZi00MGM0LTkzNDctMzcyMjcyOGI1OGRkXkEyXkFqcGdeQXVyMTA3MDk2NDg2._V1_UX67_CR0,0,67,98_AL_.jpg"
"Isle of Dogs",0,0,1,0,"tt1588362","2014-01-27","Action, Crime, Thriller",90,"When London gangland boss Darius Deel discovers his new trophy-wife Nadia is having an affair, he hunts down her lover Riley and a deadly game begins.",3.5,511,4.4,1,1,3.5,59,3.5,147,3.4,143,"U","Animation, Adventure, Comedy",82,"https://m.media-amazon.com/images/M/MV5BZDQwOWQ2NmUtZThjZi00MGM0LTkzNDctMzcyMjcyOGI1OGRkXkEyXkFqcGdeQXVyMTA3MDk2NDg2._V1_UX67_CR0,0,67,98_AL_.jpg"
"It's a Wonderful Life",0,0,1,0,"tt0038650","1948-03-11","Drama, Family, Fantasy",130,"An angel is sent from Heaven to help a desperately frustrated businessman by showing him what life would have been like if he had never existed.",8.6,388310,8.5,8.8,239,8.7,65446,8.5,139985,8.7,69289,"PG","Drama, Family, Fantasy",89,"https://m.media-amazon.com/images/M/MV5BZjc4NDZhZWMtNGEzYS00ZWU2LThlM2ItNTA0YzQ0OTExMTE2XkEyXkFqcGdeQXVyNjUwMzI2NzU@._V1_UY98_CR0,0,67,98_AL_.jpg"
"Joker",1,0,0,0,"tt0102166","1991-11-01","Comedy",108,"Nicke loves practical jokes.When Pelle, his best friend, is getting married. Nicke is hosting the bachelor party. It will start with the kidnapping of Pelle. Everything goes wrong and Pelle is kidnapped for real by a terrorist group.",4.6,704,4.8,6.5,2,5,41,4.5,341,4.6,153,"A","Crime, Drama, Thriller",59,"https://m.media-amazon.com/images/M/MV5BNGVjNWI4ZGUtNzE0MS00YTJmLWE0ZDctN2ZiYTk2YmI3NTYyXkEyXkFqcGdeQXVyMTkxNjUyNQ@@._V1_UX67_CR0,0,67,98_AL_.jpg"
"Joker",1,0,0,0,"tt7286456","2019-10-03","Crime, Drama, Thriller",122,"In Gotham City, mentally troubled comedian Arthur Fleck is disregarded and mistreated by society. He then embarks on a downward spiral of revolution and bloody crime. This path brings him face-to-face with his alter-ego: the Joker.",8.5,855097,8.5,8.8,2150,8.6,201812,8.4,240271,8.1,52746,"A","Crime, Drama, Thriller",59,"https://m.media-amazon.com/images/M/MV5BNGVjNWI4ZGUtNzE0MS00YTJmLWE0ZDctN2ZiYTk2YmI3NTYyXkEyXkFqcGdeQXVyMTkxNjUyNQ@@._V1_UX67_CR0,0,67,98_AL_.jpg"
"Joker",1,0,0,0,"tt5611648","2016-08-12","Comedy, Drama",130,"Mannar (protagonist), a villager who declares himself to be the Indian President, protests the absurdities of the government.",8.4,2867,8.6,9,1,8.4,729,8.2,749,5.7,38,"A","Crime, Drama, Thriller",59,"https://m.media-amazon.com/images/M/MV5BNGVjNWI4ZGUtNzE0MS00YTJmLWE0ZDctN2ZiYTk2YmI3NTYyXkEyXkFqcGdeQXVyMTkxNjUyNQ@@._V1_UX67_CR0,0,67,98_AL_.jpg"
"Joker",1,0,0,0,"tt1918886","2012-08-31","Comedy, Family, Sci-Fi",104,"A space scientist working on a project to communicate with aliens visits a village called Paglapur. To improve the plight of the inhabitants of Paglapur, he comes up with a novel idea.",2.4,4953,3.4,3.8,6,2.3,1668,2.4,1562,3.6,172,"A","Crime, Drama, Thriller",59,"https://m.media-amazon.com/images/M/MV5BNGVjNWI4ZGUtNzE0MS00YTJmLWE0ZDctN2ZiYTk2YmI3NTYyXkEyXkFqcGdeQXVyMTkxNjUyNQ@@._V1_UX67_CR0,0,67,98_AL_.jpg"
"Kill Bill: Vol. 1",0,1,0,0,"tt0266697","2003-10-24","Action, Crime, Thriller",111,"After awakening from a four-year coma, a former assassin wreaks vengeance on the team of assassins who betrayed her.",8.1,977296,8,8.3,641,8.2,194057,8.1,415274,7.9,90756,"R","Action, Crime, Drama",69,"https://m.media-amazon.com/images/M/MV5BNzM3NDFhYTAtYmU5Mi00NGRmLTljYjgtMDkyODQ4MjNkMGY2XkEyXkFqcGdeQXVyNzkwMjQ5NzM@._V1_UX67_CR0,0,67,98_AL_.jpg"
"Kill Bill: Vol. 2",0,1,0,0,"tt0378194","2004-04-23","Action, Crime, Thriller",137,"The Bride continues her quest of vengeance against her former boss and lover Bill, the reclusive bouncer Budd, and the treacherous, one-eyed Elle.",8,668215,7.9,8.2,480,8.1,128686,7.9,302436,7.8,63218,"A","Action, Crime, Thriller",83,"https://m.media-amazon.com/images/M/MV5BNmFiYmJmN2QtNWQwMi00MzliLThiOWMtZjQxNGRhZTQ1MjgyXkEyXkFqcGdeQXVyNzQ1ODk3MTQ@._V1_UX67_CR0,0,67,98_AL_.jpg"
"Klaus",1,0,0,0,"tt4729430","2019-11-15","Animation, Adventure, Comedy",96,"A simple act of kindness always sparks another, even in a frozen, faraway place. When Smeerensburg's new postman, Jesper, befriends toymaker Klaus, their gifts melt an age-old feud and deliver a sleigh full of holiday traditions.",8.2,74832,8.3,8.3,207,8.3,18882,8.1,24056,7.9,4327,"PG","Animation, Adventure, Comedy",65,"https://m.media-amazon.com/images/M/MV5BMWYwOThjM2ItZGYxNy00NTQwLWFlZWEtM2MzM2Q5MmY3NDU5XkEyXkFqcGdeQXVyMTkxNjUyNQ@@._V1_UX67_CR0,0,67,98_AL_.jpg"
"Lagaan: Once Upon a Time in India",1,0,0,0,"tt0169102","2002-08-23","Adventure, Drama, Musical",224,"The people of a small village in Victorian India stake their future on a game of cricket against their ruthless British rulers.",8.1,102618,8.2,8.4,58,8.4,28232,8,36758,7,5525,"U","Adventure, Drama, Musical",84,"https://m.media-amazon.com/images/M/MV5BNDYxNWUzZmYtOGQxMC00MTdkLTkxOTctYzkyOGIwNWQxZjhmXkEyXkFqcGdeQXVyNjU0OTQ0OTY@._V1_UX67_CR0,0,67,98_AL_.jpg"
"Life of Brian",1,0,0,0,"tt0079470","1991-03-28","Comedy",94,"Born on the original Christmas in the stable next door to",8.1,359295,8.1,8.3,187,8,61548,8.1,147571,8.2,53280,"R","Comedy",77,"https://m.media-amazon.com/images/M/MV5BMzAwNjU1OTktYjY3Mi00NDY5LWFlZWUtZjhjNGE0OTkwZDkwXkEyXkFqcGdeQXVyMTQxNzMzNDI@._V1_UX67_CR0,0,67,98_AL_.jpg"
"Loving Vincent",0,1,0,0,"tt3262342","2017-10-16","Animation, Biography, Crime",94,"In a story depicted in oil painted animation, a young man comes to the last hometown of painter Vincent van Gogh (Robert Gulaczyk) to deliver the troubled artist's final letter and ends up investigating his final days there.",7.8,48412,8,7.5,79,7.9,13016,7.7,14750,7.7,4607,"UA","Animation, Biography, Crime",62,"https://m.media-amazon.com/images/M/MV5BMTU3NjE2NjgwN15BMl5BanBnXkFtZTgwNDYzMzEwMzI@._V1_UX67_CR0,0,67,98_AL_.jpg"
"Magnolia",1,0,0,0,"tt0175880","2000-03-17","Drama",188,"An epic mosaic of interrelated characters in search of love, forgiveness, and meaning in the San Fernando Valley.",8,284687,7.9,8.4,75,8.2,35468,8,141879,7.7,42042,"R","Drama",77,"https://m.media-amazon.com/images/M/MV5BZjk3YThkNDktNjZjMS00MTBiLTllNTAtYzkzMTU0N2QwYjJjXkEyXkFqcGdeQXVyMTMxODk2OTU@._V1_UX67_CR0,0,67,98_AL_.jpg"
"Manchester by the Sea",0,0,1,0,"tt4034228","2017-02-16","Drama",137,"A depressed uncle is asked to take care of his teenage nephew after the boy's father dies.",7.8,238464,7.8,8.1,162,8,59271,7.7,81047,7.5,21951,"UA","Drama",96,"https://m.media-amazon.com/images/M/MV5BMTYxMjk0NDg4Ml5BMl5BanBnXkFtZTgwODcyNjA5OTE@._V1_UX67_CR0,0,67,98_AL_.jpg"
"Marriage Story",1,0,0,0,"tt7653254","2019-12-06","Comedy, Drama, Romance",137,"Noah Baumbach's incisive and compassionate look at a marriage breaking up and a family staying together.",8,227338,7.9,8.4,510,8.1,56573,7.8,69193,7.6,16050,"U","Comedy, Drama, Romance",94,"https://m.media-amazon.com/images/M/MV5BZGVmY2RjNDgtMTc3Yy00YmY0LTgwODItYzBjNWJhNTRlYjdkXkEyXkFqcGdeQXVyMjM4NTM5NDY@._V1_UX67_CR0,0,67,98_AL_.jpg"
"Mary Poppins",0,0,0,1,"tt0058331","1965-10-02","Comedy, Family, Fantasy",139,"In turn of the century London, a magical nanny employs music and adventure to help two neglected children become closer to their father.",7.8,154320,7.9,7.7,134,7.7,26440,7.8,60897,7.9,23895,"U","Comedy, Family, Fantasy",88,"https://m.media-amazon.com/images/M/MV5BNmJkODczNjItNDI5Yy00MGI1LTkyOWItZDNmNjM4ZGI1ZDVlL2ltYWdlL2ltYWdlXkEyXkFqcGdeQXVyMDI2NDg0NQ@@._V1_UX67_CR0,0,67,98_AL_.jpg"
"Minority Report",1,0,0,0,"tt0181689","2002-09-27","Action, Crime, Mystery",145,"In a future where a special police unit is able to arrest murderers before they commit their crimes, an officer from that unit is himself accused of a future murder.",7.6,498830,7.7,7.7,143,7.7,77737,7.6,239668,7.5,59276,"A","Action, Crime, Mystery",80,"https://m.media-amazon.com/images/M/MV5BZTI3YzZjZjEtMDdjOC00OWVjLTk0YmYtYzI2MGMwZjFiMzBlXkEyXkFqcGdeQXVyMTQxNzMzNDI@._V1_UX67_CR0,0,67,98_AL_.jpg"
"Miracle on 34th Street",0,0,0,1,"tt0039628","1948-12-14","Comedy, Drama, Family",96,"When a nice old man who claims to be Santa Claus is institutionalized as insane, a young lawyer decides to defend him by arguing in court that he is the real thing.",7.9,39089,7.9,8,18,7.8,4394,7.7,13941,8.1,11484,"","Comedy, Drama, Family",88,"https://m.media-amazon.com/images/M/MV5BNjRkOGEwYTUtY2E5Yy00ODg4LTk2ZWItY2IyMzUxOGVhMTM1XkEyXkFqcGdeQXVyNDk0MDg4NDk@._V1_UX67_CR0,0,67,98_AL_.jpg"
"Miracle on 34th Street",0,0,0,1,"tt0110527","1994-11-18","Family, Fantasy",114,"A lawyer and a little girl must prove that a man claiming to be Santa Claus is the real thing.",6.5,30670,6.7,5.9,8,6.6,4527,6.4,13602,6.5,4972,"","Comedy, Drama, Family",88,"https://m.media-amazon.com/images/M/MV5BNjRkOGEwYTUtY2E5Yy00ODg4LTk2ZWItY2IyMzUxOGVhMTM1XkEyXkFqcGdeQXVyNDk0MDg4NDk@._V1_UX67_CR0,0,67,98_AL_.jpg"
"Misery",0,1,0,0,"tt0100157","1991-03-08","Drama, Thriller",107,"After a famous author is rescued from a car crash by a fan of his novels, he comes to realize that the care he is receiving is only the beginning of a nightmare of captivity and abuse.",7.8,179295,7.9,8,90,7.9,30359,7.8,79272,7.8,26987,"R","Drama, Thriller",75,"https://m.media-amazon.com/images/M/MV5BNzY0ODQ3MTMxN15BMl5BanBnXkFtZTgwMDkwNTg4NjE@._V1_UX67_CR0,0,67,98_AL_.jpg"
"Mission: Impossible - Fallout",0,1,1,0,"tt4912910","2018-08-29","Action, Adventure, Thriller",147,"Ethan Hunt and his IMF team, along with some familiar allies, race against time after a mission gone wrong.",7.7,280981,7.8,8.2,502,7.9,58020,7.6,96381,7.6,26935,"UA","Action, Adventure, Thriller",86,"https://m.media-amazon.com/images/M/MV5BNjRlZmM0ODktY2RjNS00ZDdjLWJhZGYtNDljNWZkMGM5MTg0XkEyXkFqcGdeQXVyNjAwMjI5MDk@._V1_UX67_CR0,0,67,98_AL_.jpg"
"Mississippi Burning",0,0,1,0,"tt0095647","1989-02-23","Crime, Drama, History",128,"Two F.B.I. Agents with wildly different styles arrive in Mississippi to investigate the disappearance of some civil rights activists.",7.8,85805,7.9,8,18,7.8,9940,7.8,35713,7.9,20690,"A","Crime, Drama, History",65,"https://m.media-amazon.com/images/M/MV5BZTFjNjU4OTktYzljMS00MmFlLWI3NGEtNjNhMTYwYzUyZDgyL2ltYWdlL2ltYWdlXkEyXkFqcGdeQXVyNjU0OTQ0OTY@._V1_UX67_CR0,0,67,98_AL_.jpg"
"Moana",0,0,0,1,"tt3521164","2016-12-22","Animation, Adventure, Comedy",107,"In Ancient Polynesia, when a terrible curse incurred by the Demigod Maui reaches Moana's island, she answers the Ocean's call to seek out the Demigod to set things right.",7.6,260900,7.7,7.5,498,7.6,65664,7.5,84187,7.5,15816,"U","Animation, Adventure, Comedy",81,"https://m.media-amazon.com/images/M/MV5BMjI4MzU5NTExNF5BMl5BanBnXkFtZTgwNzY1MTEwMDI@._V1_UX67_CR0,0,67,98_AL_.jpg"
"Monsters, Inc.",0,0,0,1,"tt0198781","2002-03-15","Animation, Adventure, Comedy",92,"In order to power the city, monsters have to scare children so that they scream. However, the children are toxic to the monsters, and after a child gets through, 2 monsters realize things may not be what they think.",8,794964,8.1,8.1,864,8.2,204408,8,283572,8,63312,"U","Animation, Adventure, Comedy",79,"https://m.media-amazon.com/images/M/MV5BMTY1NTI0ODUyOF5BMl5BanBnXkFtZTgwNTEyNjQ0MDE@._V1_UX67_CR0,0,67,98_AL_.jpg"
"Monty Python and the Holy Grail",1,0,0,0,"tt0071853","1976-05-07","Adventure, Comedy, Fantasy",91,"King Arthur (",8.2,491629,8.2,8.5,268,8.2,86423,8.2,202695,8.3,66414,"PG","Adventure, Comedy, Fantasy",91,"https://m.media-amazon.com/images/M/MV5BN2IyNTE4YzUtZWU0Mi00MGIwLTgyMmQtMzQ4YzQxYWNlYWE2XkEyXkFqcGdeQXVyNjU0OTQ0OTY@._V1_UX67_CR0,0,67,98_AL_.jpg"
"Moon",1,0,0,0,"tt1182345","2009-12-04","Drama, Mystery, Sci-Fi",97,"Astronaut Sam Bell has a quintessentially personal encounter toward the end of his three-year stint on the Moon, where he, working alongside his computer, GERTY, sends back to Earth parcels of a resource that has helped diminish our planet's power problems.",7.9,329812,7.9,7.8,86,7.9,62653,7.9,164413,7.7,35552,"R","Drama, Mystery, Sci-Fi",67,"https://m.media-amazon.com/images/M/MV5BMTgzODgyNTQwOV5BMl5BanBnXkFtZTcwNzc0NTc0Mg@@._V1_UX67_CR0,0,67,98_AL_.jpg"
"Mulan",0,0,0,1,"tt0120762","1998-12-04","Animation, Adventure, Family",88,"To save her father from death in the army, a young maiden secretly goes in his place and becomes one of China's greatest heroines in the process.",7.6,244506,7.8,7.8,227,7.9,73337,7.4,85113,7.2,15738,"U","Animation, Adventure, Family",71,"https://m.media-amazon.com/images/M/MV5BODkxNGQ1NWYtNzg0Ny00Yjg3LThmZTItMjE2YjhmZTQ0ODY5XkEyXkFqcGdeQXVyMTQxNzMzNDI@._V1_UX67_CR0,0,67,98_AL_.jpg"
"Mystic River",1,0,0,0,"tt0327056","2003-10-24","Crime, Drama, Mystery",138,"The lives of three men who were childhood friends are shattered when one of them has a family tragedy.",7.9,411389,7.9,8.1,83,8,69252,7.9,203715,7.8,49382,"A","Crime, Drama, Mystery",84,"https://m.media-amazon.com/images/M/MV5BMTIzNDUyMjA4MV5BMl5BanBnXkFtZTYwNDc4ODM3._V1_UX67_CR0,0,67,98_AL_.jpg"
"Naked",1,0,0,0,"tt6048930","2017-08-11","Comedy, Fantasy, Romance",96,"Nervous about finally getting married, a guy is forced to relive the same nerve-wracking hours over and over again until he gets things right on his wedding day.",5.4,16639,5.6,5.3,51,5.5,4206,5.3,5657,5.2,1240,"","Comedy, Drama",84,"https://m.media-amazon.com/images/M/MV5BMjA3Y2I4NjAtMDQyZS00ZGJhLWEwMzgtODBiNzE5Zjc1Nzk1L2ltYWdlXkEyXkFqcGdeQXVyNTc2MDU0NDE@._V1_UX67_CR0,0,67,98_AL_.jpg"
"Naked",1,0,0,0,"tt0107653","1994-11-23","Comedy, Drama",132,"Parallel tales of two sexually obsessed men, one hurting and annoying women physically and mentally, one wandering around the city talking to strangers and experiencing dimensions of life.",7.8,33313,7.9,7.8,14,8.1,6116,7.7,13444,7.6,6191,"","Comedy, Drama",84,"https://m.media-amazon.com/images/M/MV5BMjA3Y2I4NjAtMDQyZS00ZGJhLWEwMzgtODBiNzE5Zjc1Nzk1L2ltYWdlXkEyXkFqcGdeQXVyNTc2MDU0NDE@._V1_UX67_CR0,0,67,98_AL_.jpg"
"Night of the Living Dead",0,0,1,0,"tt0100258","1990-10-19","Horror",92,"The unburied dead return to life and seek human victims.",6.9,38090,7,6.8,4,6.8,3967,6.9,19820,6.7,6439,"","Horror, Thriller",89,"https://m.media-amazon.com/images/M/MV5BMzRmN2E1ZDUtZDc2ZC00ZmI3LTkwOTctNzE2ZDIzMGJiMTYzXkEyXkFqcGdeQXVyMTQxNzMzNDI@._V1_UX67_CR0,0,67,98_AL_.jpg"
"Night of the Living Dead",0,0,1,0,"tt0063350","1970-08-01","Horror, Thriller",96,"A ragtag group of Pennsylvanians barricade themselves in an old farmhouse to remain safe from a bloodthirsty, flesh-eating breed of monsters who are ravaging the East Coast of the United States.",7.9,113263,7.9,7.7,51,7.8,15457,7.9,51992,7.9,18778,"","Horror, Thriller",89,"https://m.media-amazon.com/images/M/MV5BMzRmN2E1ZDUtZDc2ZC00ZmI3LTkwOTctNzE2ZDIzMGJiMTYzXkEyXkFqcGdeQXVyMTQxNzMzNDI@._V1_UX67_CR0,0,67,98_AL_.jpg"
"Ordinary People",0,0,1,0,"tt0081283","1981-02-26","Drama",124,"The accidental death of the older son of an affluent family deeply strains the relationships among the bitter mother, the good-natured father, and the guilt-ridden younger son.",7.7,45733,7.8,7.8,9,7.9,5016,7.7,16754,7.7,12663,"U","Drama",86,"https://m.media-amazon.com/images/M/MV5BNWU3MDFkYWQtMWQ5YS00YTcwLThmNDItODY4OWE2ZTdhZmIwXkEyXkFqcGdeQXVyMjUzOTY1NTc@._V1_UX67_CR0,0,67,98_AL_.jpg"
"Ordinary People",0,0,1,0,"tt1422101","2009-08-26","Drama",79,"A recent recruit is one of seven soldiers posted to an abandoned farm with little information. Soon a bus full of frightened men arrive and the soldiers are told they are the enemy.",6.1,384,6.3,6.5,2,5.6,44,6,184,6.5,115,"U","Drama",86,"https://m.media-amazon.com/images/M/MV5BNWU3MDFkYWQtMWQ5YS00YTcwLThmNDItODY4OWE2ZTdhZmIwXkEyXkFqcGdeQXVyMjUzOTY1NTc@._V1_UX67_CR0,0,67,98_AL_.jpg"
"Papillon",0,0,1,0,"tt5093026","2018-06-27","Adventure, Biography, Crime",133,"Wrongfully convicted for murder, Henri Charriere forms an unlikely relationship with fellow inmate and quirky convicted counterfeiter Louis Dega, in an attempt to escape from the notorious penal colony on Devil's Island.",7.2,49312,7.3,7.5,37,7.4,9738,7.1,17760,6.9,5569,"R","Biography, Crime, Drama",58,"https://m.media-amazon.com/images/M/MV5BZGRjZjQ0NzAtYmZlNS00Zjc1LTk1YWItMDY5YzQxMzA4MTAzXkEyXkFqcGdeQXVyMjI4MjA5MzA@._V1_UX67_CR0,0,67,98_AL_.jpg"
"Papillon",0,0,1,0,"tt0070511","1973-12-20","Biography, Crime, Drama",151,"A man befriends a fellow criminal as the two of them begin serving their sentence on a dreadful prison island, which inspires the man to plot his escape.",8,119445,8.1,8,20,8,15049,8,51909,8.1,26246,"R","Biography, Crime, Drama",58,"https://m.media-amazon.com/images/M/MV5BZGRjZjQ0NzAtYmZlNS00Zjc1LTk1YWItMDY5YzQxMzA4MTAzXkEyXkFqcGdeQXVyMjI4MjA5MzA@._V1_UX67_CR0,0,67,98_AL_.jpg"
"Philadelphia",1,0,0,0,"tt0107818","1994-03-04","Drama",125,"When a man with HIV is fired by his law firm because of his condition, he hires a homophobic small time lawyer as the only willing advocate for a wrongful dismissal suit.",7.7,219688,7.7,7.7,55,7.8,31262,7.7,107058,7.6,31712,"UA","Drama",66,"https://m.media-amazon.com/images/M/MV5BNDE0MWE1ZTMtOWFkMS00YjdiLTkwZTItMDljYjY3MjM0NTk5XkEyXkFqcGdeQXVyNDYyMDk5MTU@._V1_UX67_CR0,0,67,98_AL_.jpg"
"Pirates of the Caribbean: The Curse of the Black Pearl",0,0,0,1,"tt0325980","2003-09-05","Action, Adventure, Fantasy",143,"Blacksmith Will Turner teams up with eccentric pirate ""Captain"" Jack Sparrow to save his love, the governor's daughter, from Jack's former pirate allies, who are now undead.",8,1001260,8.1,8.2,632,8.2,245141,8,400616,7.7,81728,"UA","Action, Adventure, Fantasy",63,"https://m.media-amazon.com/images/M/MV5BNGYyZGM5MGMtYTY2Ni00M2Y1LWIzNjQtYWUzM2VlNGVhMDNhXkEyXkFqcGdeQXVyMTMxODk2OTU@._V1_UX67_CR0,0,67,98_AL_.jpg"
"Pride",0,0,1,0,"tt3169706","2014-12-11","Biography, Comedy, Drama",119,"U.K. gay activists work to help miners during their lengthy strike of the National Union of Mineworkers in the summer of 1984.",7.8,50641,7.9,7,16,7.9,10204,7.7,20287,7.8,8159,"R","Biography, Comedy, Drama",79,"https://m.media-amazon.com/images/M/MV5BMTU2OTcyOTE3MF5BMl5BanBnXkFtZTgwNTg5Mjc1MjE@._V1_UX67_CR0,0,67,98_AL_.jpg"
"Pride",0,0,1,0,"tt0475355","2007-03-23","Drama, Sport",104,"The determined Jim Ellis starts a swim team for troubled teens at the Philadelphia Department of Recreation.",6.1,6066,6.1,1,3,6.3,604,5.9,3142,6.2,1272,"R","Biography, Comedy, Drama",79,"https://m.media-amazon.com/images/M/MV5BMTU2OTcyOTE3MF5BMl5BanBnXkFtZTgwNTg5Mjc1MjE@._V1_UX67_CR0,0,67,98_AL_.jpg"
"Psycho",1,0,0,0,"tt0155975","1999-04-23","Horror, Mystery, Thriller",105,"A young female embezzler arrives at the Bates Motel, which has terrible secrets of its own.",4.6,45127,4.7,3.1,10,4.3,4482,4.6,22563,4.6,7686,"A","Horror, Mystery, Thriller",97,"https://m.media-amazon.com/images/M/MV5BNTQwNDM1YzItNDAxZC00NWY2LTk0M2UtNDIwNWI5OGUyNWUxXkEyXkFqcGdeQXVyNzkwMjQ5NzM@._V1_UX67_CR0,0,67,98_AL_.jpg"
"Psycho",1,0,0,0,"tt0054215","1960-10-28","Horror, Mystery, Thriller",109,"A Phoenix secretary embezzles $40,000 from her employer's client, goes on the run, and checks into a remote motel run by a young man under the domination of his mother.",8.5,586765,8.4,8.7,432,8.6,116346,8.5,221235,8.5,78103,"A","Horror, Mystery, Thriller",97,"https://m.media-amazon.com/images/M/MV5BNTQwNDM1YzItNDAxZC00NWY2LTk0M2UtNDIwNWI5OGUyNWUxXkEyXkFqcGdeQXVyNzkwMjQ5NzM@._V1_UX67_CR0,0,67,98_AL_.jpg"
"Psycho",1,0,0,0,"tt9109976","2020-01-24","Crime, Thriller",134,"Based on the Buddhist tale of Angulimala, a dreaded serial killer, Psycho tells the story of a blind man who gets involved in a murder mystery.",6.3,1941,6.5,8.3,5,6.4,531,5.9,472,5.2,26,"A","Horror, Mystery, Thriller",97,"https://m.media-amazon.com/images/M/MV5BNTQwNDM1YzItNDAxZC00NWY2LTk0M2UtNDIwNWI5OGUyNWUxXkEyXkFqcGdeQXVyNzkwMjQ5NzM@._V1_UX67_CR0,0,67,98_AL_.jpg"
"Raiders of the Lost Ark",1,0,0,0,"tt0082971","1981-06-12","Action, Adventure",115,"In 1936, archaeologist and adventurer Indiana Jones is hired by the U.S. government to find the Ark of the Covenant before",8.4,865510,8.4,8.4,578,8.3,138011,8.4,346665,8.7,126554,"A","Action, Adventure",85,"https://m.media-amazon.com/images/M/MV5BMjA0ODEzMTc1Nl5BMl5BanBnXkFtZTcwODM2MjAxNA@@._V1_UX67_CR0,0,67,98_AL_.jpg"
"Ratatouille",0,0,0,1,"tt0382932","2007-10-17","Animation, Adventure, Comedy",111,"A rat who can cook makes an unusual alliance with a young kitchen worker at a famous restaurant.",8,624762,8,8.3,696,8.1,154267,8,256563,7.8,48911,"U","Animation, Adventure, Comedy",96,"https://m.media-amazon.com/images/M/MV5BMTMzODU0NTkxMF5BMl5BanBnXkFtZTcwMjQ4MzMzMw@@._V1_UX67_CR0,0,67,98_AL_.jpg"
"Remember the Titans",0,0,0,1,"tt0210945","2001-04-13","Biography, Drama, Sport",113,"The true story of a newly appointed African-American coach and his high school team on their first season as a racially integrated unit.",7.8,194366,7.9,7.9,44,7.9,36167,7.7,93293,7.5,19099,"U","Biography, Drama, Sport",48,"https://m.media-amazon.com/images/M/MV5BYThkMzgxNjEtMzFiOC00MTI0LWI5MDItNDVmYjA4NzY5MDQ2L2ltYWdlL2ltYWdlXkEyXkFqcGdeQXVyMTQxNzMzNDI@._V1_UX67_CR0,0,67,98_AL_.jpg"
"Road to Perdition",1,0,0,0,"tt0257044","2002-12-13","Crime, Drama, Thriller",117,"A mob enforcer's son witnesses a murder, forcing him and his father to take to the road, and his father down a path of redemption and revenge.",7.7,242441,7.8,7.9,60,7.8,33538,7.7,120787,7.5,33333,"A","Crime, Drama, Thriller",72,"https://m.media-amazon.com/images/M/MV5BNjcxMmQ0MmItYTkzYy00MmUyLTlhOTQtMmJmNjE3MDMwYjdlXkEyXkFqcGdeQXVyNzkwMjQ5NzM@._V1_UX67_CR0,0,67,98_AL_.jpg"
"Roma",1,0,0,0,"tt0069191","1972-03-16","Comedy, Drama",120,"A fluid, unconnected and sometimes chaotic procession of scenes detailing the various people and events of life in Italy's capital, most of it based on director Federico Fellini's life.",7.4,11361,7.4,9.6,9,7.6,1198,7.3,4710,7.4,3036,"R","Drama",96,"https://m.media-amazon.com/images/M/MV5BMTU0OTc3ODk4Ml5BMl5BanBnXkFtZTgwMzM4NzI5NjM@._V1_UX67_CR0,0,67,98_AL_.jpg"
"Roma",1,0,0,0,"tt6155172","2018-12-14","Drama",135,"A year in the life of a middle-class family's maid in Mexico City in the early 1970s.",7.7,134612,7.6,7.6,192,7.9,31213,7.6,44559,7.5,13607,"R","Drama",96,"https://m.media-amazon.com/images/M/MV5BMTU0OTc3ODk4Ml5BMl5BanBnXkFtZTgwMzM4NzI5NjM@._V1_UX67_CR0,0,67,98_AL_.jpg"
"Roman Holiday",0,0,1,0,"tt0046250","1953-12-23","Comedy, Romance",118,"A bored and sheltered princess escapes her guardians and falls in love with an American newsman in Rome.",8,124684,8.1,8,48,8.1,22837,8,50852,8,21703,"","Comedy, Romance",78,"https://m.media-amazon.com/images/M/MV5BMTE2MDM4MTMtZmNkZC00Y2QyLWE0YjUtMTAxZGJmODMxMDM0XkEyXkFqcGdeQXVyNjc1NTYyMjg@._V1_UX67_CR0,0,67,98_AL_.jpg"
"Room",1,0,0,0,"tt3170832","2016-03-03","Drama, Thriller",118,"Held captive for 7 years in an enclosed space, a woman and her young son finally gain their freedom, allowing the boy to experience the outside world for the first time.",8.1,357159,8.1,8.1,322,8.3,94462,8,116585,7.9,24253,"R","Drama, Thriller",86,"https://m.media-amazon.com/images/M/MV5BMjE4NzgzNzEwMl5BMl5BanBnXkFtZTgwMTMzMDE0NjE@._V1_UX67_CR0,0,67,98_AL_.jpg"
"Rosemary's Baby",0,0,1,0,"tt0063522","1968-12-24","Drama, Horror",137,"A young couple trying for a baby move into a fancy apartment surrounded by peculiar neighbors.",8,187646,7.9,8.5,98,8.1,31452,7.9,83276,7.9,30002,"A","Drama, Horror",96,"https://m.media-amazon.com/images/M/MV5BZmEwZGU2NzctYzlmNi00MGJkLWE3N2MtYjBlN2ZhMGJkZTZiXkEyXkFqcGdeQXVyMTQxNzMzNDI@._V1_UX67_CR0,0,67,98_AL_.jpg"
"Sabrina",1,0,0,0,"tt0047437","1954-11-18","Comedy, Drama, Romance",113,"A playboy becomes interested in the daughter of his family's chauffeur, but it's his more serious brother who would be the better man for her.",7.7,57694,7.8,7.5,17,7.7,8910,7.6,22771,7.7,12143,"Passed","Comedy, Drama, Romance",72,"https://m.media-amazon.com/images/M/MV5BYmFlNTA1NWItODQxNC00YjFmLWE3ZWYtMzg3YTkwYmMxMjY2XkEyXkFqcGdeQXVyMTMxMTY0OTQ@._V1_UX67_CR0,0,67,98_AL_.jpg"
"Sabrina",1,0,0,0,"tt0114319","1996-03-01","Comedy, Drama, Romance",127,"An ugly duckling having undergone a remarkable change, still harbors feelings for her crush: a carefree playboy, but not before his business-focused brother has something to say about it.",6.3,35970,6.5,6,3,6.5,1996,6.2,14154,6.3,10195,"Passed","Comedy, Drama, Romance",72,"https://m.media-amazon.com/images/M/MV5BYmFlNTA1NWItODQxNC00YjFmLWE3ZWYtMzg3YTkwYmMxMjY2XkEyXkFqcGdeQXVyMTMxMTY0OTQ@._V1_UX67_CR0,0,67,98_AL_.jpg"
"Sabrina",1,0,0,0,"tt7981492","2018-07-12","Horror, Thriller",113,"A toy manufacturer and his wife are terrorized by a demon after their orphaned niece tries to call her late mother's spirit.",4.2,1397,4.7,4.1,6,3.7,284,4.3,434,4.7,148,"Passed","Comedy, Drama, Romance",72,"https://m.media-amazon.com/images/M/MV5BYmFlNTA1NWItODQxNC00YjFmLWE3ZWYtMzg3YTkwYmMxMjY2XkEyXkFqcGdeQXVyMTMxMTY0OTQ@._V1_UX67_CR0,0,67,98_AL_.jpg"
"Serenity",0,0,1,0,"tt6476140","2019-07-18","Drama, Mystery, Thriller",106,"A fishing boat captain juggles facing his mysterious past and finding himself ensnared in a reality where nothing is what it seems.",5.4,33464,5.5,5,24,5.2,5383,5.4,12457,5.5,5049,"PG-13","Action, Adventure, Sci-Fi",74,"https://m.media-amazon.com/images/M/MV5BOWE2MDAwZjEtODEyOS00ZjYyLTgzNDUtYmNiY2VmNWRiMTQxXkEyXkFqcGdeQXVyNTIzOTk5ODM@._V1_UX67_CR0,0,67,98_AL_.jpg"
"Serenity",0,0,1,0,"tt0379786","2005-11-25","Action, Adventure, Sci-Fi",119,"The crew of the ship Serenity try to evade an assassin sent to recapture one of their members who is telepathic.",7.8,279887,8.1,7.1,25,7.9,32085,7.8,147294,7.9,45616,"PG-13","Action, Adventure, Sci-Fi",74,"https://m.media-amazon.com/images/M/MV5BOWE2MDAwZjEtODEyOS00ZjYyLTgzNDUtYmNiY2VmNWRiMTQxXkEyXkFqcGdeQXVyNTIzOTk5ODM@._V1_UX67_CR0,0,67,98_AL_.jpg"
"Shine",0,0,1,0,"tt0117631","1996-12-11","Biography, Drama, Music",105,"Pianist David Helfgott, driven by his father and teachers, has a breakdown. Years later he returns to the piano, to popular if not critical acclaim.",7.7,50540,7.8,7.4,7,7.7,4274,7.7,21466,7.6,11657,"U","Biography, Drama, Music",87,"https://m.media-amazon.com/images/M/MV5BMTQzMzcxMzUyMl5BMl5BanBnXkFtZTgwNDI1MjgxMTE@._V1_UX67_CR0,0,67,98_AL_.jpg"
"Short Term 12",0,0,1,0,"tt2370248","2013-08-23","Drama",96,"A 20-something supervising staff member of a residential treatment facility navigates the troubled waters of that world alongside her co-worker and longtime boyfriend.",8,79731,8,8.2,30,8.2,22860,7.8,31320,7.6,6587,"R","Drama",82,"https://m.media-amazon.com/images/M/MV5BMTEwNjE2OTM4NDZeQTJeQWpwZ15BbWU3MDE2MTE4OTk@._V1_UX67_CR0,0,67,98_AL_.jpg"
"Sicario",0,0,1,0,"tt3397884","2015-09-24","Action, Crime, Drama",121,"An idealistic FBI agent is enlisted by a government task force to aid in the escalating war against drugs at the border area between the U.S. and Mexico.",7.6,360616,7.6,7.6,182,7.7,77296,7.6,141858,7.6,34439,"A","Action, Crime, Drama",82,"https://m.media-amazon.com/images/M/MV5BMjA5NjM3NTk1M15BMl5BanBnXkFtZTgwMzg1MzU2NjE@._V1_UX67_CR0,0,67,98_AL_.jpg"
"Silver Linings Playbook",1,0,0,0,"tt1045658","2013-03-07","Comedy, Drama, Romance",122,"After a stint in a mental institution, former teacher Pat Solitano moves back in with his parents and tries to reconcile with his ex-wife. Things get more challenging when Pat meets Tiffany, a mysterious girl with problems of her own.",7.7,651122,7.8,7.8,179,7.8,172866,7.7,259051,7.6,50719,"A","Comedy, Drama, Romance",81,"https://m.media-amazon.com/images/M/MV5BMTM2MTI5NzA3MF5BMl5BanBnXkFtZTcwODExNTc0OA@@._V1_UX67_CR0,0,67,98_AL_.jpg"
"Sin City",1,0,0,0,"tt0401792","2005-06-01","Crime, Thriller",124,"A movie that explores the dark and miserable town, Basin City, tells the story of three different people, all caught up in violent corruption.",8,733158,8,8.1,117,8,121070,8.1,387597,7.7,70261,"A","Crime, Thriller",74,"https://m.media-amazon.com/images/M/MV5BODZmYjMwNzEtNzVhNC00ZTRmLTk2M2UtNzE1MTQ2ZDAxNjc2XkEyXkFqcGdeQXVyMTQxNzMzNDI@._V1_UX67_CR0,0,67,98_AL_.jpg"
"Some Like It Hot",0,0,1,0,"tt0031950","1939-05-19","Comedy, Musical, Romance",65,"Nicky Nelson is a fast-talking sideshow barker with a wax-and-alive concession on Atlantic City's boardwalk. Even with the band of his friend, struggling musician Gene Krupa, playing on the...",6.7,234,6.9,6,1,6.6,6,6.9,32,6.7,121,"U","Comedy, Music, Romance",98,"https://m.media-amazon.com/images/M/MV5BNzAyOGIxYjAtMGY2NC00ZTgyLWIwMWEtYzY0OWQ4NDFjOTc5XkEyXkFqcGdeQXVyNjU0OTQ0OTY@._V1_UX67_CR0,0,67,98_AL_.jpg"
"Some Like It Hot",0,0,1,0,"tt0053291","1959-09-16","Comedy, Music, Romance",121,"After two male musicians witness a mob hit, they flee the state in an all-female band disguised as women, but further complications set in.",8.2,238048,8.2,8.3,109,8.3,38354,8.1,91230,8.3,43552,"U","Comedy, Music, Romance",98,"https://m.media-amazon.com/images/M/MV5BNzAyOGIxYjAtMGY2NC00ZTgyLWIwMWEtYzY0OWQ4NDFjOTc5XkEyXkFqcGdeQXVyNjU0OTQ0OTY@._V1_UX67_CR0,0,67,98_AL_.jpg"
"Song of the Sea",1,0,0,0,"tt1865505","2016-06-23","Animation, Adventure, Drama",93,"Ben, a young Irish boy, and his little sister Saoirse, a girl who can turn into a seal, go on an adventure to free the fairies and save the spirit world.",8.1,49220,8.2,8.1,53,8.2,12683,8,19688,7.9,3652,"PG","Animation, Adventure, Drama",85,"https://m.media-amazon.com/images/M/MV5BMTQ2MDMwNjEwNV5BMl5BanBnXkFtZTgwOTkxMzI0MzE@._V1_UY98_CR0,0,67,98_AL_.jpg"
"Spider-Man: Into the Spider-Verse",1,0,0,0,"tt4633694","2018-12-25","Animation, Action, Adventure",117,"Teen Miles Morales becomes the Spider-Man of his universe, and must join with five spider-powered individuals from other dimensions to stop a threat for all realities.",8.4,335892,8.4,8.8,1183,8.6,86349,8.2,92381,8,18957,"U","Animation, Action, Adventure",87,"https://m.media-amazon.com/images/M/MV5BMjMwNDkxMTgzOF5BMl5BanBnXkFtZTgwNTkwNTQ3NjM@._V1_UX67_CR0,0,67,98_AL_.jpg"
"Stalag 17",0,0,1,0,"tt0046359","1953-12-07","Comedy, Drama, War",120,"When two escaping American World War II prisoners are killed, the German P.O.W. camp barracks black marketeer, J.J. Sefton, is suspected of being an informer.",8,50292,8,7.6,9,7.9,4639,7.9,19659,8.1,15506,"","Comedy, Drama, War",84,"https://m.media-amazon.com/images/M/MV5BNDMyNGU0NjUtNTIxMC00ZmU2LWE0ZGItZTdkNGVlODI2ZDcyL2ltYWdlXkEyXkFqcGdeQXVyNjc1NTYyMjg@._V1_UX67_CR0,0,67,98_AL_.jpg"
"Star Trek II: The Wrath of Khan",0,1,1,0,"tt0084726","1982-10-22","Action, Adventure, Sci-Fi",113,"With the assistance of the Enterprise crew, Admiral Kirk must stop an old nemesis, Khan Noonien Singh, from using the life-generating Genesis Device as the ultimate weapon.",7.7,110769,7.8,8,40,7.7,8322,7.6,46017,7.8,27958,"U","Action, Adventure, Sci-Fi",67,"https://m.media-amazon.com/images/M/MV5BMzcyYWE5YmQtNDE1Yi00ZjlmLWFlZTAtMzRjODBiYjM3OTA3XkEyXkFqcGdeQXVyMTQxNzMzNDI@._V1_UX67_CR0,0,67,98_AL_.jpg"
"Sweet Smell of Success",0,0,1,0,"tt0051036","1957-10-04","Drama, Film-Noir",96,"Powerful but unethical Broadway columnist J.J. Hunsecker coerces unscrupulous press agent Sidney Falco into breaking up his sister's romance with a jazz musician.",8.1,27248,8,7.8,16,8.2,3439,8,10945,8,7310,"Approved","Drama, Film-Noir",100,"https://m.media-amazon.com/images/M/MV5BMjE5NTU3YWYtOWIxNi00YWZhLTg2NzktYzVjZWY5MDQ4NzVlXkEyXkFqcGdeQXVyNjc1NTYyMjg@._V1_UX67_CR0,0,67,98_AL_.jpg"
"Tangled",0,0,0,1,"tt0398286","2010-11-26","Animation, Adventure, Comedy",100,"The magically long-haired Rapunzel has spent her entire life in a tower, but now that a runaway thief has stumbled upon her, she is about to discover the world for the first time, and who she really is.",7.7,396086,7.9,7.6,510,7.9,115262,7.7,146479,7.6,25161,"U","Animation, Adventure, Comedy",71,"https://m.media-amazon.com/images/M/MV5BMTAxNDYxMjg0MjNeQTJeQWpwZ15BbWU3MDcyNTk2OTM@._V1_UX67_CR0,0,67,98_AL_.jpg"
"Taxi Driver",1,0,0,0,"tt0075314","1976-09-24","Crime, Drama",114,"A mentally unstable veteran works as a nighttime taxi driver in New York City, where the perceived decadence and sleaze fuels his urge for violent action by attempting to liberate a presidential campaign worker and an underage prostitute.",8.3,703264,8.2,8.7,520,8.3,145659,8.2,281355,8.3,74381,"A","Crime, Drama",94,"https://m.media-amazon.com/images/M/MV5BM2M1MmVhNDgtNmI0YS00ZDNmLTkyNjctNTJiYTQ2N2NmYzc2XkEyXkFqcGdeQXVyNzkwMjQ5NzM@._V1_UX67_CR0,0,67,98_AL_.jpg"
"The African Queen",0,0,1,0,"tt0043265","1952-11-26","Adventure, Drama, Romance",105,"In WWI Africa, a gin-swilling riverboat captain is persuaded by a strait-laced missionary to use his boat to attack an enemy warship.",7.7,70236,7.8,8,12,7.5,5627,7.5,24827,8.1,22693,"PG","Adventure, Drama, Romance",91,"https://m.media-amazon.com/images/M/MV5BYzM3YjE2NGMtODY3Zi00NTY0LWE4Y2EtMTE5YzNmM2U1NTg2XkEyXkFqcGdeQXVyMTY5Nzc4MDY@._V1_UX67_CR0,0,67,98_AL_.jpg"
"The Artist",1,0,0,0,"tt1655442","2011-12-09","Comedy, Drama, Romance",100,"An egomaniacal film star develops a relationship with a young dancer against the backdrop of Hollywood's silent era.",7.9,227320,7.8,7.7,65,8,51442,7.9,105336,7.7,27561,"U","Comedy, Drama, Romance",89,"https://m.media-amazon.com/images/M/MV5BMDUyZWU5N2UtOWFlMy00MTI0LTk0ZDYtMzFhNjljODBhZDA5XkEyXkFqcGdeQXVyNzA4ODc3ODU@._V1_UY98_CR1,0,67,98_AL_.jpg"
"The Avengers",0,0,1,1,"tt0848228","2012-04-25","Action, Adventure, Sci-Fi",143,"Earth's mightiest heroes must come together and learn to fight as a team if they are going to stop the mischievous Loki and his alien army from enslaving humanity.",8,1241220,8.1,8.1,1190,8.1,331135,8,451052,8,87601,"UA","Action, Adventure, Sci-Fi",69,"https://m.media-amazon.com/images/M/MV5BNDYxNjQyMjAtNTdiOS00NGYwLWFmNTAtNThmYjU5ZGI2YTI1XkEyXkFqcGdeQXVyMTMxODk2OTU@._V1_UX67_CR0,0,67,98_AL_.jpg"
"The Avengers",0,0,1,1,"tt0118661","1998-10-30","Action, Adventure, Sci-Fi",89,"Two British Agents team up to stop Sir August de Wynter from destroying the world with a weather-changing machine.",3.8,40374,3.9,3,9,3.8,1590,3.8,18203,3.9,10325,"UA","Action, Adventure, Sci-Fi",69,"https://m.media-amazon.com/images/M/MV5BNDYxNjQyMjAtNTdiOS00NGYwLWFmNTAtNThmYjU5ZGI2YTI1XkEyXkFqcGdeQXVyMTMxODk2OTU@._V1_UX67_CR0,0,67,98_AL_.jpg"
"The Boondock Saints",0,0,1,0,"tt0144117","2000-03-03","Action, Crime, Thriller",108,"Two Irish Catholic brothers become vigilantes and wipe out Boston's criminal underworld in the name of God.",7.8,224749,8,7.8,23,7.8,31596,7.8,130483,7.4,20339,"R","Action, Crime, Thriller",44,"https://m.media-amazon.com/images/M/MV5BYzVmMTdjOTYtOTJkYS00ZTg2LWExNTgtNzA1N2Y0MDgwYWFhXkEyXkFqcGdeQXVyMTQxNzMzNDI@._V1_UX67_CR0,0,67,98_AL_.jpg"
"The Boy in the Striped Pyjamas",1,0,0,0,"tt0914798","2008-12-19","Drama, War",94,"Through the innocent eyes of Bruno, the eight-year-old son of the commandant at a German concentration camp, a forbidden friendship with a Jewish boy on the other side of the camp fence has startling and unexpected consequences.",7.8,185838,7.9,7.7,223,7.8,53278,7.7,70834,7.7,15396,"PG-13","Drama, History, War",55,"https://m.media-amazon.com/images/M/MV5BMTMzMTc3MjA5NF5BMl5BanBnXkFtZTcwOTk3MDE5MQ@@._V1_UX67_CR0,0,67,98_AL_.jpg"
"The Conversation",0,0,1,0,"tt0071360","1974-09-26","Drama, Mystery, Thriller",113,"A paranoid, secretive surveillance expert has a crisis of conscience when he suspects that the couple he is spying on will be murdered.",7.8,95597,7.8,7.9,27,7.9,12798,7.8,42045,7.8,19367,"U","Drama, Mystery, Thriller",85,"https://m.media-amazon.com/images/M/MV5BNzZlMThlYzktMDlmZC00YTI1LThlNzktZWU0MTY4ODc2ZWY4XkEyXkFqcGdeQXVyNTA1NjYyMDk@._V1_UX67_CR0,0,67,98_AL_.jpg"
"The Count of Monte Cristo",0,0,1,0,"tt0245844","2002-05-03","Action, Adventure, Drama",131,"A young man, falsely imprisoned by his jealous ""friend"", escapes and uses a hidden treasure to exact his revenge.",7.8,126871,7.9,7.4,21,7.9,18863,7.7,63906,7.5,16349,"PG-13","Action, Adventure, Drama",61,"https://m.media-amazon.com/images/M/MV5BMDM0ZWRjZDgtZWI0MS00ZTIzLTg4MWYtZjU5MDEyMDU0ODBjXkEyXkFqcGdeQXVyMTQxNzMzNDI@._V1_UX67_CR0,0,67,98_AL_.jpg"
"The Count of Monte Cristo",0,0,1,0,"tt0025004","1936","Action, Adventure, Drama",113,"After greedy men have Edmound Dantes unjustly imprisoned for 20 years for innocently delivering a letter entrusted to him, he escapes to get his revenge on them.",7.5,2399,7.6,7,1,7.6,255,7.5,795,7.5,889,"PG-13","Action, Adventure, Drama",61,"https://m.media-amazon.com/images/M/MV5BMDM0ZWRjZDgtZWI0MS00ZTIzLTg4MWYtZjU5MDEyMDU0ODBjXkEyXkFqcGdeQXVyMTQxNzMzNDI@._V1_UX67_CR0,0,67,98_AL_.jpg"
"The Curious Case of Benjamin Button",1,0,0,0,"tt0421715","2009-02-13","Drama, Fantasy, Romance",166,"Tells the story of Benjamin Button, a man who starts aging backwards with consequences.",7.8,575714,7.8,8,263,8,136581,7.7,265626,7.5,45303,"UA","Drama, Fantasy, Romance",70,"https://m.media-amazon.com/images/M/MV5BNjQ0NTY2ODY2M15BMl5BanBnXkFtZTgwMjE4MzkxMDE@._V1_UX67_CR0,0,67,98_AL_.jpg"
"The Dark Knight",0,1,0,0,"tt0468569","2008-07-23","Action, Crime, Drama",152,"When the menace known as the Joker wreaks havoc and chaos on the people of Gotham, Batman must accept one of the greatest psychological and physical tests of his ability to fight injustice.",9,2241615,8.9,9.2,2097,9.2,522182,9,879620,8.4,145726,"UA","Action, Crime, Drama",84,"https://m.media-amazon.com/images/M/MV5BMTMxNTMwODM0NF5BMl5BanBnXkFtZTcwODAyMTk2Mw@@._V1_UX67_CR0,0,67,98_AL_.jpg"
"The Fighter",0,0,1,0,"tt0964517","2011-03-04","Biography, Drama, Sport",116,"Based on the story of",7.8,334145,7.9,7.6,99,7.9,79069,7.8,159261,7.7,27492,"UA","Biography, Drama, Sport",79,"https://m.media-amazon.com/images/M/MV5BMTM0ODk3MjM1MV5BMl5BanBnXkFtZTcwNzc1MDIwNA@@._V1_UX67_CR0,0,67,98_AL_.jpg"
"The Florida Project",1,0,0,0,"tt5649144","2018-03-29","Drama",111,"Set over one summer, the film follows precocious six-year-old Moonee as she courts mischief and adventure with her ragtag playmates and bonds with her rebellious but caring mother, all while living in the shadows of Walt Disney World.",7.6,90024,7.6,8.2,106,7.8,22075,7.5,30353,7.2,9034,"A","Drama",92,"https://m.media-amazon.com/images/M/MV5BMjg4ZmY1MmItMjFjOS00ZTg2LWJjNDYtNDM2YmM2NzhiNmZhXkEyXkFqcGdeQXVyNTAzMTY4MDA@._V1_UX67_CR0,0,67,98_AL_.jpg"
"The Girl with the Dragon Tattoo",0,0,1,0,"tt1568346","2012-02-03","Crime, Drama, Mystery",158,"Journalist Mikael Blomkvist is aided in his search for a woman who has been missing for forty years by Lisbeth Salander, a young computer hacker.",7.8,411774,7.9,7.6,103,7.9,95836,7.8,187665,7.7,41611,"R","Crime, Drama, Mystery",71,"https://m.media-amazon.com/images/M/MV5BMTczNDk4NTQ0OV5BMl5BanBnXkFtZTcwNDAxMDgxNw@@._V1_UX67_CR0,0,67,98_AL_.jpg"
"The Graduate",0,1,0,0,"tt0061722","1968-09-11","Comedy, Drama, Romance",106,"A disillusioned college graduate finds himself torn between his older lover and her daughter.",8,249910,8,8,69,8.1,41627,7.9,107736,7.9,43712,"A","Comedy, Drama, Romance",83,"https://m.media-amazon.com/images/M/MV5BMTQ0ODc4MDk4Nl5BMl5BanBnXkFtZTcwMTEzNzgzNA@@._V1_UX67_CR0,0,67,98_AL_.jpg"
"The Green Mile",0,1,0,0,"tt0120689","2000-03-10","Crime, Drama, Fantasy",189,"The lives of guards on Death Row are affected by one of their charges: a black man accused of child murder and rape, yet who has a mysterious gift.",8.6,1112336,8.5,8.7,720,8.7,224384,8.5,438800,8.4,108229,"A","Crime, Drama, Fantasy",61,"https://m.media-amazon.com/images/M/MV5BMTUxMzQyNjA5MF5BMl5BanBnXkFtZTYwOTU2NTY3._V1_UX67_CR0,0,67,98_AL_.jpg"
"The Hateful Eight",1,0,0,0,"tt3460252","2016-02-04","Crime, Drama, Mystery",168,"In the dead of a Wyoming winter, a bounty hunter and his prisoner find shelter in a cabin currently inhabited by a collection of nefarious characters.",7.8,499070,7.8,8.3,445,8.1,118900,7.7,175766,7.4,40948,"A","Crime, Drama, Mystery",68,"https://m.media-amazon.com/images/M/MV5BMjA1MTc1NTg5NV5BMl5BanBnXkFtZTgwOTM2MDEzNzE@._V1_UX67_CR0,0,67,98_AL_.jpg"
"The Incredibles",0,0,0,1,"tt0317705","2004-11-26","Animation, Action, Adventure",115,"A family of undercover superheroes, while trying to live the quiet suburban life, are forced into action to save the world.",8,642759,8,8.3,701,8.1,154272,7.9,252363,8.1,58188,"U","Animation, Action, Adventure",90,"https://m.media-amazon.com/images/M/MV5BMTY5OTU0OTc2NV5BMl5BanBnXkFtZTcwMzU4MDcyMQ@@._V1_UX67_CR0,0,67,98_AL_.jpg"
"The Irishman",1,0,0,0,"tt1302006","2019-11-27","Biography, Crime, Drama",209,"An old man recalls his time painting houses for his friend,",7.9,304528,7.9,8.3,565,8.1,62836,7.7,97374,7.6,29565,"R","Biography, Crime, Drama",94,"https://m.media-amazon.com/images/M/MV5BMGUyM2ZiZmUtMWY0OC00NTQ4LThkOGUtNjY2NjkzMDJiMWMwXkEyXkFqcGdeQXVyMzY0MTE3NzU@._V1_UX67_CR0,0,67,98_AL_.jpg"
"The Jungle Book",0,0,0,1,"tt3040964","2016-04-14","Adventure, Drama, Family",106,"After a threat from the tiger Shere Khan forces him to flee the jungle, a man-cub named Mowgli embarks on a journey of self discovery with the help of panther Bagheera and free-spirited bear Baloo.",7.4,254949,7.5,7.1,228,7.4,62090,7.3,91491,7.4,18121,"U","Animation, Adventure, Family",65,"https://m.media-amazon.com/images/M/MV5BMjAwMTExODExNl5BMl5BanBnXkFtZTgwMjM2MDgyMTE@._V1_UX67_CR0,0,67,98_AL_.jpg"
"The Jungle Book",0,0,0,1,"tt0061852","1968-12-06","Animation, Adventure, Family",78,"Bagheera the Panther and Baloo the Bear have a difficult time trying to convince a boy to leave the jungle for human civilization.",7.6,162375,7.7,7.3,137,7.5,39113,7.6,64989,7.8,16261,"U","Animation, Adventure, Family",65,"https://m.media-amazon.com/images/M/MV5BMjAwMTExODExNl5BMl5BanBnXkFtZTgwMjM2MDgyMTE@._V1_UX67_CR0,0,67,98_AL_.jpg"
"The Jungle Book",0,0,0,1,"tt0110213","1995-10-20","Adventure, Family, Romance",111,"Rudyard Kipling's classic tale of Mowgli, the orphaned jungle boy raised by wild animals, and how he becomes king of the jungle.",6,16093,6.3,6.5,4,6.1,2043,6,8629,5.9,1899,"U","Animation, Adventure, Family",65,"https://m.media-amazon.com/images/M/MV5BMjAwMTExODExNl5BMl5BanBnXkFtZTgwMjM2MDgyMTE@._V1_UX67_CR0,0,67,98_AL_.jpg"
"The King's Speech",1,0,0,0,"tt1504320","2011-01-28","Biography, Drama, History",118,"The story of",8,628323,8,7.9,207,8.1,148924,8,264168,8,62221,"U","Biography, Drama, History",88,"https://m.media-amazon.com/images/M/MV5BMzU5MjEwMTg2Nl5BMl5BanBnXkFtZTcwNzM3MTYxNA@@._V1_UY98_CR0,0,67,98_AL_.jpg"
"The Lady Vanishes",0,0,1,0,"tt0030341","1939-01-02","Mystery, Thriller",96,"While travelling in continental Europe, a rich young playgirl realizes that an elderly lady seems to have disappeared from the train.",7.8,46159,7.8,8,13,7.8,5417,7.8,19212,7.8,11380,"","Mystery, Thriller",98,"https://m.media-amazon.com/images/M/MV5BNjk3YzFjYTktOGY0ZS00Y2EwLTk2NTctYTI1Nzc2OWNiN2I4XkEyXkFqcGdeQXVyNzM0MTUwNTY@._V1_UX67_CR0,0,67,98_AL_.jpg"
"The Last of the Mohicans",0,0,1,0,"tt0104691","1992-12-23","Action, Adventure, Drama",112,"Three trappers protect the daughters of a British Colonel in the midst of the French and Indian War.",7.7,145731,7.9,7.3,33,7.5,18246,7.7,68248,7.9,24483,"UA","Action, Adventure, Drama",76,"https://m.media-amazon.com/images/M/MV5BZDNiYmRkNDYtOWU1NC00NmMxLWFkNmUtMGI5NTJjOTJmYTM5XkEyXkFqcGdeQXVyNzQ1ODk3MTQ@._V1_UX67_CR0,0,67,98_AL_.jpg"
"The Last Samurai",1,0,0,0,"tt0325710","2004-01-09","Action, Drama, War",154,"An American military advisor embraces the Samurai culture he was hired to destroy after he is captured in battle.",7.7,392213,7.8,8,110,7.9,71239,7.7,187679,7.5,39713,"UA","Action, Drama",55,"https://m.media-amazon.com/images/M/MV5BMzkyNzQ1Mzc0NV5BMl5BanBnXkFtZTcwODg3MzUzMw@@._V1_UX67_CR0,0,67,98_AL_.jpg"
"The Lion King",0,0,0,1,"tt0110357","1994-11-25","Animation, Adventure, Drama",88,"Lion prince Simba and his father are targeted by his bitter uncle, who wants to ascend the throne himself.",8.5,917248,8.5,8.6,987,8.7,230623,8.5,342788,7.9,62934,"U","Animation, Adventure, Drama",88,"https://m.media-amazon.com/images/M/MV5BYTYxNGMyZTYtMjE3MS00MzNjLWFjNmYtMDk3N2FmM2JiM2M1XkEyXkFqcGdeQXVyNjY5NDU4NzI@._V1_UX67_CR0,0,67,98_AL_.jpg"
"The Lion King",0,0,0,1,"tt6105098","2019-08-21","Animation, Adventure, Drama",118,"After the murder of his father, a young lion prince flees his kingdom only to learn the true meaning of responsibility and bravery.",6.9,199521,7,6.4,541,6.9,47338,6.8,62019,7,11738,"U","Animation, Adventure, Drama",88,"https://m.media-amazon.com/images/M/MV5BYTYxNGMyZTYtMjE3MS00MzNjLWFjNmYtMDk3N2FmM2JiM2M1XkEyXkFqcGdeQXVyNjY5NDU4NzI@._V1_UX67_CR0,0,67,98_AL_.jpg"
"The Little Mermaid",1,0,0,1,"tt5493944","2018-08-17","Adventure, Drama, Fantasy",85,"A young reporter and his niece discover a beautiful and enchanting creature they believe to be the real little mermaid.",4.2,7872,4.3,4.8,30,4.3,1987,4.1,2294,4.7,637,"U","Animation, Family, Fantasy",88,"https://m.media-amazon.com/images/M/MV5BN2JlZTBhYTEtZDE3OC00NTA3LTk5NTQtNjg5M2RjODllM2M0XkEyXkFqcGdeQXVyNjk1Njg5NTA@._V1_UX67_CR0,0,67,98_AL_.jpg"
"The Little Mermaid",1,0,0,1,"tt0097757","1990-12-06","Animation, Family, Fantasy",83,"A mermaid princess makes a Faustian bargain in an attempt to become human and win a prince's love.",7.6,231653,7.7,7.3,208,7.5,55880,7.6,93667,7.5,17123,"U","Animation, Family, Fantasy",88,"https://m.media-amazon.com/images/M/MV5BN2JlZTBhYTEtZDE3OC00NTA3LTk5NTQtNjg5M2RjODllM2M0XkEyXkFqcGdeQXVyNjk1Njg5NTA@._V1_UX67_CR0,0,67,98_AL_.jpg"
"The Long Goodbye",0,0,1,0,"tt0070334","1974-04-09","Comedy, Crime, Drama",112,"Private investigator Philip Marlowe helps a friend out of a jam, but in doing so gets implicated in his wife's murder.",7.6,25265,7.6,7.3,3,8,3019,7.6,10799,7.3,6209,"A","Comedy, Crime, Drama",87,"https://m.media-amazon.com/images/M/MV5BYzZhODNiOWYtMmNkNS00OTFhLTkzYzktYTQ4ZmNmZWMyN2ZiL2ltYWdlL2ltYWdlXkEyXkFqcGdeQXVyNjc1NTYyMjg@._V1_UX67_CR0,0,67,98_AL_.jpg"
"The Machinist",0,0,1,0,"tt0361862","2004-11-19","Drama, Thriller",101,"An industrial worker who hasn't slept in a year begins to doubt his own sanity.",7.7,351032,7.8,7.8,111,7.7,77468,7.7,170329,7.5,27438,"R","Drama, Thriller",61,"https://m.media-amazon.com/images/M/MV5BNjk1NzBlY2YtNjJmNi00YTVmLWI2OTgtNDUxNDE5NjUzZmE0XkEyXkFqcGdeQXVyNTc1NTQxODI@._V1_UX67_CR0,0,67,98_AL_.jpg"
"The Man Who Shot Liberty Valance",0,0,1,0,"tt0056217","1962-09-12","Drama, Western",123,"A senator returns to a western town for the funeral of an old friend and tells the story of his origins.",8.1,67255,8,7.8,15,8.1,7797,8,25638,8.2,19010,"","Drama, Western",94,"https://m.media-amazon.com/images/M/MV5BMGEyNzhkYzktMGMyZS00YzRiLWJlYjktZjJkOTU5ZDY0ZGI4XkEyXkFqcGdeQXVyNjUwNzk3NDc@._V1_UX67_CR0,0,67,98_AL_.jpg"
"The Matrix",1,0,0,0,"tt0133093","1999-05-07","Action, Sci-Fi",136,"A computer hacker learns from mysterious rebels about the true nature of his reality and his role in the war against its controllers.",8.7,1632315,8.5,8.5,1161,8.6,308826,8.8,659652,8.6,162396,"A","Action, Sci-Fi",73,"https://m.media-amazon.com/images/M/MV5BNzQzOTk3OTAtNDQ0Zi00ZTVkLWI0MTEtMDllZjNkYzNjNTc4L2ltYWdlXkEyXkFqcGdeQXVyNjU0OTQ0OTY@._V1_UX67_CR0,0,67,98_AL_.jpg"
"The Muppet Christmas Carol",0,0,0,1,"tt0104940","1993-12-23","Comedy, Drama, Family",85,"The Muppet characters tell their version of the classic tale of an old and bitter miser's redemption on Christmas Eve.",7.7,46386,7.9,7.4,38,7.7,6884,7.8,21581,7.5,6203,"G","Comedy, Drama, Family",64,"https://m.media-amazon.com/images/M/MV5BN2Y0NWRkNWItZWEwNi00MDNlLWJmZDYtNTkwYzI5Nzg4MjVjXkEyXkFqcGdeQXVyMTMxODk2OTU@._V1_UX67_CR0,0,67,98_AL_.jpg"
"The Muppet Movie",0,0,0,1,"tt0079588","1979-10-26","Adventure, Comedy, Family",95,"Kermit and his newfound friends trek across America to find success in Hollywood, but a frog legs merchant is after Kermit.",7.6,31920,7.7,7.9,26,7.7,3101,7.6,12562,7.5,7672,"U","Adventure, Comedy, Family",74,"https://m.media-amazon.com/images/M/MV5BMGQ0OGM5YjItYzYyMi00NmVmLWI3ODMtMTY2NGRkZmI5MWU2XkEyXkFqcGdeQXVyMzI0NDc4ODY@._V1_UX67_CR0,0,67,98_AL_.jpg"
"The Naked Gun: From the Files of Police Squad!",1,0,0,0,"tt0095705","1989-03-24","Comedy, Crime",85,"Incompetent police Detective Frank Drebin must foil an attempt to assassinate",7.6,148550,7.7,7.8,65,7.6,22975,7.6,69294,7.5,20907,"U","Comedy, Crime",76,"https://m.media-amazon.com/images/M/MV5BODk1ZWM4ZjItMjFhZi00MDMxLTgxNmYtODFhNWZlZTkwM2UwXkEyXkFqcGdeQXVyMTQxNzMzNDI@._V1_UX67_CR0,0,67,98_AL_.jpg"
"The Nightmare Before Christmas",0,0,0,1,"tt0107688","1994-12-05","Animation, Family, Fantasy",76,"Jack Skellington, king of Halloween Town, discovers Christmas Town, but his attempts to bring Christmas to his home causes confusion.",8,285261,8.1,7.9,213,8,62283,8,126402,7.8,25752,"U","Animation, Family, Fantasy",82,"https://m.media-amazon.com/images/M/MV5BNWE4OTNiM2ItMjY4Ni00ZTViLWFiZmEtZGEyNGY2ZmNlMzIyXkEyXkFqcGdeQXVyMDU5NDcxNw@@._V1_UX67_CR0,0,67,98_AL_.jpg"
"The Perks of Being a Wallflower",1,0,0,0,"tt1659337","2013-02-14","Drama, Romance",103,"An introvert freshman is taken under the wings of two seniors who welcome him to the real world.",8,451711,8.1,8.1,307,8.1,150901,7.8,153100,7.7,24236,"UA","Drama, Romance",67,"https://m.media-amazon.com/images/M/MV5BZThjMmQ5YjktMTUyMC00MjljLWJmMTAtOWIzNDIzY2VhNzQ0XkEyXkFqcGdeQXVyMTAyNjg4NjE0._V1_UX67_CR0,0,67,98_AL_.jpg"
"The Pianist",1,0,1,0,"tt0253474","2002-10-25","Biography, Drama, Music",150,"A Polish Jewish musician struggles to survive the destruction of the Warsaw ghetto of World War II.",8.5,707942,8.5,8.6,459,8.7,160488,8.5,283869,8.2,59677,"R","Biography, Drama, Music",85,"https://m.media-amazon.com/images/M/MV5BOWRiZDIxZjktMTA1NC00MDQ2LWEzMjUtMTliZmY3NjQ3ODJiXkEyXkFqcGdeQXVyNjU0OTQ0OTY@._V1_UY98_CR2,0,67,98_AL_.jpg"
"The Princess Bride",0,0,0,1,"tt0093779","1988-03-31","Adventure, Family, Fantasy",98,"While home sick in bed, a young boy's grandfather reads him the story of a farmboy-turned-pirate who encounters numerous obstacles, enemies and allies in his quest to be reunited with his true love.",8.1,385237,8.2,8,188,7.9,58447,8,155514,8.2,61771,"U","Adventure, Family, Fantasy",77,"https://m.media-amazon.com/images/M/MV5BMGM4M2Q5N2MtNThkZS00NTc1LTk1NTItNWEyZjJjNDRmNDk5XkEyXkFqcGdeQXVyMjA0MDQ0Mjc@._V1_UX67_CR0,0,67,98_AL_.jpg"
"The Pursuit of Happyness",1,0,0,0,"tt0454921","2007-01-12","Biography, Drama",117,"A struggling salesman takes custody of his son as he's poised to begin a life-changing professional career.",8,437433,8.1,8.4,249,8.2,114170,7.9,188926,7.4,27965,"U","Biography, Drama",64,"https://m.media-amazon.com/images/M/MV5BMTQ5NjQ0NDI3NF5BMl5BanBnXkFtZTcwNDI0MjEzMw@@._V1_UX67_CR0,0,67,98_AL_.jpg"
"The Social Network",1,0,0,0,"tt1285016","2010-11-11","Biography, Drama",120,"As Harvard student",7.7,608745,7.7,8.3,415,7.9,163511,7.7,260610,7.4,44411,"UA","Biography, Drama",95,"https://m.media-amazon.com/images/M/MV5BOGUyZDUxZjEtMmIzMC00MzlmLTg4MGItZWJmMzBhZjE0Mjc1XkEyXkFqcGdeQXVyMTMxODk2OTU@._V1_UX67_CR0,0,67,98_AL_.jpg"
"The Sound of Music",0,0,0,1,"tt0059742","1965-12-22","Biography, Drama, Family",172,"A woman leaves an Austrian convent to become a governess to the children of a Naval officer widower.",8,198561,8.1,7.9,110,8,34928,7.9,74004,8.1,34388,"U","Biography, Drama, Family",63,"https://m.media-amazon.com/images/M/MV5BODIxNjhkYjEtYzUyMi00YTNjLWE1YjktNjAyY2I2MWNkNmNmL2ltYWdlL2ltYWdlXkEyXkFqcGdeQXVyMTQxNzMzNDI@._V1_UY98_CR1,0,67,98_AL_.jpg"
"The Straight Story",0,0,0,1,"tt0166896","2000-02-11","Biography, Drama",112,"An old man makes a long journey by lawnmower to mend his relationship with an ill brother.",8,80007,7.9,7.8,37,8,8013,8,36741,8,16107,"U","Biography, Drama",86,"https://m.media-amazon.com/images/M/MV5BNmE1MDk4OWEtYjk1NS00MWU2LTk5ZWItYjZhYmRkODRjMDc0XkEyXkFqcGdeQXVyNjE5MjUyOTM@._V1_UX67_CR0,0,67,98_AL_.jpg"
"The Theory of Everything",1,0,0,0,"tt2980516","2015-01-15","Biography, Drama, Romance",123,"A look at the relationship between the famous physicist",7.7,390356,7.8,7.7,286,7.9,111785,7.6,134143,7.6,28132,"U","Biography, Drama, Romance",72,"https://m.media-amazon.com/images/M/MV5BMTAwMTU4MDA3NDNeQTJeQWpwZ15BbWU4MDk4NTMxNTIx._V1_UX67_CR0,0,67,98_AL_.jpg"
"There Will Be Blood",1,0,0,0,"tt0469494","2008-02-15","Drama",158,"A story of family, religion, hatred, oil and madness, focusing on a turn-of-the-century prospector in the early days of the business.",8.2,502968,8.1,8.7,248,8.4,91584,8.1,236354,7.7,51989,"A","Drama",93,"https://m.media-amazon.com/images/M/MV5BMjAxODQ4MDU5NV5BMl5BanBnXkFtZTcwMDU4MjU1MQ@@._V1_UX67_CR0,0,67,98_AL_.jpg"
"Thor: Ragnarok",0,0,0,1,"tt3501632","2017-10-25","Action, Adventure, Comedy",130,"Imprisoned on the planet Sakaar, Thor must race against time to return to Asgard and stop Ragnark, the destruction of his world, at the hands of the powerful and ruthless villain Hela.",7.9,564511,8,8.1,1367,7.9,131486,7.8,171483,7.7,38050,"UA","Action, Adventure, Comedy",74,"https://m.media-amazon.com/images/M/MV5BMjMyNDkzMzI1OF5BMl5BanBnXkFtZTgwODcxODg5MjI@._V1_UX67_CR0,0,67,98_AL_.jpg"
"Togo",0,0,0,1,"tt5116302","2020-03-24","Adventure, Biography, Drama",113,"The story of Togo, the sled dog who led the 1925 serum run yet was considered by most to be too small and weak to lead such an intense race.",8,30833,8.3,8.2,42,8.1,5963,7.9,11192,7.9,3023,"U","Adventure, Biography, Drama",69,"https://m.media-amazon.com/images/M/MV5BNjJkYTc5N2UtMGRlMC00M2FmLTk0ZWMtOTYxNDUwNjI2YzljXkEyXkFqcGdeQXVyNDg4NjY5OTQ@._V1_UX67_CR0,0,67,98_AL_.jpg"
"Toy Story",0,0,0,1,"tt0114709","1996-03-22","Animation, Adventure, Comedy",81,"A cowboy doll is profoundly threatened and jealous when a new spaceman figure supplants him as top toy in a boy's room.",8.3,864461,8.3,8.4,971,8.4,208846,8.2,316485,8.2,72724,"U","Animation, Adventure, Comedy",95,"https://m.media-amazon.com/images/M/MV5BMDU2ZWJlMjktMTRhMy00ZTA5LWEzNDgtYmNmZTEwZTViZWJkXkEyXkFqcGdeQXVyNDQ2OTk4MzI@._V1_UX67_CR0,0,67,98_AL_.jpg"
"Toy Story 2",0,0,0,1,"tt0120363","1999-12-02","Animation, Adventure, Comedy",92,"When Woody is stolen by a toy collector, Buzz and his friends set out on a rescue mission to save Woody before he becomes a museum toy property with his roundup gang Jessie, Prospector, and Bullseye.",7.9,514519,7.9,8,605,8,125876,7.8,196175,7.9,45100,"U","Animation, Adventure, Comedy",88,"https://m.media-amazon.com/images/M/MV5BMWM5ZDcxMTYtNTEyNS00MDRkLWI3YTItNThmMGExMWY4NDIwXkEyXkFqcGdeQXVyNjUwNzk3NDc@._V1_UX67_CR0,0,67,98_AL_.jpg"
"Toy Story 3",0,0,0,1,"tt0435761","2010-07-07","Animation, Adventure, Comedy",103,"The toys are mistakenly delivered to a day-care center instead of the attic right before Andy leaves for college, and it's up to Woody to convince the other toys that they weren't abandoned and to return home.",8.3,739717,8.2,8.2,904,8.4,201357,8.3,276252,8.1,52309,"U","Animation, Adventure, Comedy",92,"https://m.media-amazon.com/images/M/MV5BMTgxOTY4Mjc0MF5BMl5BanBnXkFtZTcwNTA4MDQyMw@@._V1_UY98_CR1,0,67,98_AL_.jpg"
"Toy Story 4",0,0,0,1,"tt1979376","2019-06-26","Animation, Adventure, Comedy",100,"When a new toy called ""Forky"" joins Woody and the gang, a road trip alongside old and new friends reveals how big the world can be for a toy.",7.8,189129,7.8,8.1,593,7.9,45776,7.7,57617,7.6,12394,"U","Animation, Adventure, Comedy",84,"https://m.media-amazon.com/images/M/MV5BMTYzMDM4NzkxOV5BMl5BanBnXkFtZTgwNzM1Mzg2NzM@._V1_UX67_CR0,0,67,98_AL_.jpg"
"True Grit",0,1,1,0,"tt0065126","1969-08-23","Adventure, Drama, Western",128,"A drunken, hard-nosed U.S. Marshal and a Texas Ranger help a stubborn teenager track down her father's murderer in Indian Territory.",7.4,41569,7.5,7.9,5,7.4,4459,7.3,14924,7.6,13130,"PG-13","Drama, Western",80,"https://m.media-amazon.com/images/M/MV5BODhkZDIzNjgtOTA5ZS00MmMzLWFkNjYtM2Y2MzFjN2FkNjAzL2ltYWdlXkEyXkFqcGdeQXVyNTAyODkwOQ@@._V1_UY98_CR1,0,67,98_AL_.jpg"
"True Grit",0,1,1,0,"tt1403865","2011-02-18","Drama, Western",110,"A stubborn teenager enlists the help of a tough U.S. Marshal to track down her father's murderer.",7.6,305020,7.6,7.5,95,7.6,58730,7.6,147773,7.6,39190,"PG-13","Drama, Western",80,"https://m.media-amazon.com/images/M/MV5BODhkZDIzNjgtOTA5ZS00MmMzLWFkNjYtM2Y2MzFjN2FkNjAzL2ltYWdlXkEyXkFqcGdeQXVyNTAyODkwOQ@@._V1_UY98_CR1,0,67,98_AL_.jpg"
"Up",0,0,0,1,"tt1049413","2009-10-15","Animation, Adventure, Comedy",96,"78-year-old Carl Fredricksen travels to Paradise Falls in his house equipped with balloons, inadvertently taking a young stowaway.",8.2,911402,8.2,8.4,980,8.3,235086,8.2,344976,8.1,64578,"U","Animation, Adventure, Comedy",88,"https://m.media-amazon.com/images/M/MV5BMTk3NDE2NzI4NF5BMl5BanBnXkFtZTgwNzE1MzEyMTE@._V1_UX67_CR0,0,67,98_AL_.jpg"
"Veer-Zaara",0,0,1,0,"tt0420332","2004-11-12","Drama, Family, Musical",192,"Veer-Zaara is a saga of love, separation, courage and sacrifice. A love story that is an inspiration and will remain a legend forever.",7.8,47905,8.2,7.8,25,8.1,14857,7.4,17156,7.4,2127,"U","Drama, Family, Musical",67,"https://m.media-amazon.com/images/M/MV5BY2VlOTc4ZjctYjVlMS00NDYwLWEwZjctZmYzZmVkNGU5NjNjXkEyXkFqcGdeQXVyODE5NzE3OTE@._V1_UY98_CR2,0,67,98_AL_.jpg"
"WALLE",0,0,0,1,"tt0910970","2008-10-17","Animation, Adventure, Family",98,"In the distant future, a small waste-collecting robot inadvertently embarks on a space journey that will ultimately decide the fate of mankind.",8.4,974734,8.3,8.6,1010,8.4,228844,8.4,394702,8.1,74068,"U","Animation, Adventure, Family",95,"https://m.media-amazon.com/images/M/MV5BMjExMTg5OTU0NF5BMl5BanBnXkFtZTcwMjMxMzMzMw@@._V1_UX67_CR0,0,67,98_AL_.jpg"
"What's Eating Gilbert Grape",1,0,1,0,"tt0108550","1994-03-04","Drama",118,"A young man in a small Midwestern town struggles to care for his mentally-disabled younger brother and morbidly obese mother while attempting to pursue his own happiness.",7.8,210322,7.9,8.1,110,7.9,41783,7.7,94006,7.7,25513,"U","Drama",73,"https://m.media-amazon.com/images/M/MV5BY2EyZDlhNjItODYzNi00Mzc3LWJjOWUtMTViODU5MTExZWMyL2ltYWdlXkEyXkFqcGdeQXVyMTQxNzMzNDI@._V1_UX67_CR0,0,67,98_AL_.jpg"
"What Ever Happened to Baby Jane?",0,0,1,0,"tt0056687","1963-05-17","Drama, Horror, Thriller",134,"A former child star torments her paraplegic sister in their decaying Hollywood mansion.",8.1,48788,8.1,8.3,23,8.1,6444,8,18686,8.1,12280,"Passed","Drama, Horror, Thriller",75,"https://m.media-amazon.com/images/M/MV5BZmI0M2VmNTgtMWVhYS00Zjg1LTk1YTYtNmJmMjRkZmMwYTc2XkEyXkFqcGdeQXVyNTA4NzY1MzY@._V1_UX67_CR0,0,67,98_AL_.jpg"
"Who Framed Roger Rabbit",0,0,0,1,"tt0096438","1988-12-02","Animation, Adventure, Comedy",104,"A toon-hating detective is a cartoon rabbit's only hope to prove his innocence when he is accused of murder.",7.7,178487,7.7,7.5,80,7.7,25229,7.7,83218,7.5,24691,"U","Animation, Adventure, Comedy",83,"https://m.media-amazon.com/images/M/MV5BMDhiOTM2OTctODk3Ny00NWI4LThhZDgtNGQ4NjRiYjFkZGQzXkEyXkFqcGdeQXVyMTA0MjU0Ng@@._V1_UX67_CR0,0,67,98_AL_.jpg"
"Willy Wonka & the Chocolate Factory",1,0,0,0,"tt0067992","1971-10-22","Family, Fantasy, Musical",100,"A poor but hopeful boy seeks one of the five coveted golden tickets that will send him on a tour of Willy Wonka's mysterious chocolate factory.",7.8,173962,7.9,7.9,123,7.7,31665,7.8,69260,7.9,24934,"U","Family, Fantasy, Musical",67,"https://m.media-amazon.com/images/M/MV5BZTllNDU0ZTItYTYxMC00OTI4LThlNDAtZjNiNzdhMWZiYjNmXkEyXkFqcGdeQXVyNzY1NDgwNjQ@._V1_UX67_CR0,0,67,98_AL_.jpg"
"Wreck-It Ralph",0,0,0,1,"tt1772341","2012-12-20","Animation, Adventure, Comedy",101,"A video game villain wants to be a hero and sets out to fulfill his dream, but his quest brings havoc to the whole arcade where he lives.",7.7,371521,7.8,7.6,497,7.8,97541,7.7,142852,7.4,24188,"U","Animation, Adventure, Comedy",72,"https://m.media-amazon.com/images/M/MV5BNzMxNTExOTkyMF5BMl5BanBnXkFtZTcwMzEyNDc0OA@@._V1_UX67_CR0,0,67,98_AL_.jpg"
"Zombieland",0,1,1,0,"tt1156398","2009-10-02","Adventure, Comedy, Fantasy",88,"A shy student trying to reach his family in Ohio, a gun-toting tough guy trying to find the last Twinkie, and a pair of sisters trying to get to an amusement park join forces to travel across a zombie-filled America.",7.6,510818,7.7,7.7,369,7.6,126765,7.6,220120,7.4,39644,"A","Adventure, Comedy, Fantasy",73,"https://m.media-amazon.com/images/M/MV5BMTU5MDg0NTQ1N15BMl5BanBnXkFtZTcwMjA4Mjg3Mg@@._V1_UY98_CR1,0,67,98_AL_.jpg"
"Zootopia",0,0,0,1,"tt2948356","2016-02-18","Animation, Adventure, Comedy",108,"In a city of anthropomorphic animals, a rookie bunny cop and a cynical con artist fox must work together to uncover a conspiracy.",8,421174,8.1,8,678,8.2,111747,7.9,132848,7.8,22911,"U","Animation, Adventure, Comedy",78,"https://m.media-amazon.com/images/M/MV5BOTMyMjEyNzIzMV5BMl5BanBnXkFtZTgwNzIyNjU0NzE@._V1_UX67_CR0,0,67,98_AL_.jpg"
